{"version":8,"hash":{"type":"Buffer","data":"0F1pQNRVWUjqcCvG/CZOl/2ttUQEWIKJrTwmPXLXvhg1xMngErMl/rm086rEq/K+89vtyNgTvAXSC22ndExQTDItlXgDdDCYUyQKUO3z22iPwsQibro0AkZe8iv0vL49pxmqgtjxKeFa7lm0maXxcJU+amPp2x2z1GvN/qknWDo="},"indexValueMap":{"NsWKVmpvQ2K8wWe6KRnnHpRiG2bdW9hPKLu+ig7FW4o=":{"valueMac":{"type":"Buffer","data":"y3AzgBuvxugpmXmJihVrKc6hWnTDH4He150PszkNcaM="}},"HvXFkga4mdB6A0XhYCDzzHEwikrQrUr8Ar7sRrlA8SM=":{"valueMac":{"type":"Buffer","data":"lQWKhqdCHc2qAeoTE1w39z6BezvwUWv4qbspwIb2dM4="}},"fUoQLcezR9Sk14//fXAmk2uMOuFMxIo5D9fw2gQu5As=":{"valueMac":{"type":"Buffer","data":"/kBc/zIW/el5DpQdIV+JydCvrko8RO/83TCIbcEX/vs="}},"nAe1Tm3dinO9RBRpmTeg8DPzcopX1TcuYdLn8XkZj7Q=":{"valueMac":{"type":"Buffer","data":"N8pIF/W4c0JgnNtjNWdXu6f8RaHSDVc3T8fF7QTtXGs="}},"oHscJ02QQIS8yaiFM2ZZXYkjEJOihpYY+A0Y9M25xLk=":{"valueMac":{"type":"Buffer","data":"NDXX2HJpV601B/NTHTQp+ZVwGid1wguhKfLdcIuhCNA="}},"KtBK4G8b+0egV/G3FxQZzi8Z19wYUz7FJjnFdnaRgdA=":{"valueMac":{"type":"Buffer","data":"cMsWTplhnwlwegTPKcnjhvVCSMDZo1fVCpMW0kjo+5s="}},"0JLLZL7G8aRzC6GpYdLazgf5eE9YBM8CgiOCDljXmrw=":{"valueMac":{"type":"Buffer","data":"xEqsIpFdTxtBi1tIFjOvL/nB2fD4lDPR3u4USb49PS4="}}}}