{"version":8,"hash":{"type":"Buffer","data":"AsImjPkaHpaAJkXbO3SlXJBuZpCL84X4Np8C5w+MBYuuIQ6soMy2KAEa0M2zgHSjbrB3ftirmsTlGy497jOqQ7eM/GXl4zELyuc9F1DI4W0cC+v7qpyk97iak1xflA51ontNX/ZxpcDDxKzKMQeT3BFWSnlc+EEsAkXBiu8z9Eo="},"indexValueMap":{"qYr/R/KhkPFWFJfM/RLv+Aw9c8qZ97LXOHT5k8tW9YY=":{"valueMac":{"type":"Buffer","data":"mu4RKYV/lrb37WRP5rq1mZVaigCkaO2DzkG8+716mb4="}},"eVzs6FSjMjHZKRo16yFt5vBv7VjXwULXM+naLB4FTNQ=":{"valueMac":{"type":"Buffer","data":"H4omRSJwoUA2LetGqX+lJ4sbIMnm8qN8pl2aYzCRSWE="}}}}