{"version":33,"hash":{"type":"Buffer","data":"tz3OtlesPdbim483rox1GoRtu/MKupsNh6C9uOqK1mP3eb4D/IsARDEAtEapWg2+tRdtR5yZFUtCKOh2n9eAiXTsNnNtsxXSiB6hrcpF9iqd/yfEnp/JOxzUouVXSJroCkZLK7yXxUbjmVIADkui471aWzB9cnpq019Id49q9Tk="},"indexValueMap":{"jvSU6wt4TaAggcR8GTcjR/bMlEbOfUHYy/7Ms02L0CI=":{"valueMac":{"type":"Buffer","data":"tp+RRy4uzeJPV31EjT+WFGnM2eYe1RP19Gfz9zK0C5U="}},"SgQ6eG8YNwfuojlPDVVQ6P78qjmRta1n98GFeRofL2I=":{"valueMac":{"type":"Buffer","data":"okgP5zf8nenDhctYk4FlFXHD6WonGzexZ3XkAoeQYcU="}},"KYhlJHI0tqWvJLgs5xtrxGpp+1LtTDBlszD9Ds9jGdA=":{"valueMac":{"type":"Buffer","data":"FN7YiT+sis4A+G7pwP6Q2lA10O9Hra5fgyZsiyN8hdg="}},"Q1zsV6ELJ60uEXNAh9mlisWpijYIkM/H0RwygZ9BHTk=":{"valueMac":{"type":"Buffer","data":"jE28G/H/OwKdrw4d6l+jno1jyn4CDxyBZ3jDoIWyAUc="}},"RMFJ/WMbyUiBZk1zPDID4XNrEJ9gYcN4A/GkTupps30=":{"valueMac":{"type":"Buffer","data":"gN3olAfO9NHgW/6VlcEobhjbRhrVrLX+nc5r+5yiR/U="}},"yz6mvGOZECstYN0lcNtHfm3TO+NC22XLqkxOp/icCIM=":{"valueMac":{"type":"Buffer","data":"mq0XNQ3KlidETE1gllJ2az6ZkePR+u4DDzmEVAZDEQ0="}},"L7QIlUvRZKATTVjIrqNYlAWRsjS7xXo6LYTHlaCHa2I=":{"valueMac":{"type":"Buffer","data":"eHfvCG5/R03bmdtdlI4tZ2/yWyQKWLi8jOq+kez51yc="}},"AZjnMXIk2CPv+YcJFWUze8utrUIVd61OyFfP9zSpF/4=":{"valueMac":{"type":"Buffer","data":"RrL8smXYK3+DZUTNlBdnXweUswKImK6tJpXLemgBhtY="}},"0148kHb3aQHv4okilobmeb30nqpnAoxXASyLv0Gf59E=":{"valueMac":{"type":"Buffer","data":"0wnlyuijSQv08e1Em2yWTaBt8ADaNIV2bhem9uRQGIw="}},"U6NpvhqnpvihCXp0sTgULGGVPkDIQHpKn95zgOi2asM=":{"valueMac":{"type":"Buffer","data":"JVNhnsdlNTU2iye+WHKqWmddMnG2rkREqM1Gnm+KEE4="}},"QBAeGVvdSkFzSngmQFi3elqyrrvZtSLRPdz58fwTfEo=":{"valueMac":{"type":"Buffer","data":"pt5o9c/fgeD/W7PToILLNbu/asBRUHElFRPXfnZkFUY="}},"B0G0URiR+785rdwmJWHKV3p3y74FNj+75tspIcx3P9s=":{"valueMac":{"type":"Buffer","data":"4oHIq5IQODRj+lDvwCFRRTaQeOArRHNDoC4BN+CVVL4="}},"RO60DQowjLHRryqr7WgoNA/PRcEZk8GKL6KZ+u88myQ=":{"valueMac":{"type":"Buffer","data":"AEg0h1TK3HsKtzPsNAF7sBOs3qXmRvoGx4Iz3iTbnNQ="}},"ETe88SCWmwD9eSxZ5NgYxZd59B4ZTVAmfiwnR8xiXcY=":{"valueMac":{"type":"Buffer","data":"MXVp3tMF5b/cI4oq/cdAZ6kSgWokg73ubpn8vyypDu0="}},"IkFsPDcIoQZ13yrDi5zUPty3zG4jhfFSp9uvV30U9ms=":{"valueMac":{"type":"Buffer","data":"QuPmLhycek9zg8GHCVLdTb8T4z7bqzZIpvf+INQDfH0="}},"GnYgi7TvJdm5Pk4uivHNtZJjTn+R+j+kwCZZqGMbELU=":{"valueMac":{"type":"Buffer","data":"UzN9X1cRv4zGyf4lZg7UcgdAa3KaFTvmizlI00jIcHU="}}}}