{"noiseKey":{"private":{"type":"Buffer","data":"OM/BOA5HRaucC6XduEW+DZHILAI+qNAdZ1ej3RJQNEM="},"public":{"type":"Buffer","data":"QmL3bGZ35ql1HpzdBc04RG1x62Cpz4hoPa8MAND5PXE="}},"pairingEphemeralKeyPair":{"private":{"type":"Buffer","data":"wOS6rS0J+XstxYjse1/8tarHPZRuHeXYSDv6dPr7QGE="},"public":{"type":"Buffer","data":"9cNutzoSTtQ4sT6wZABPk5HszgDjLC0D1C1Y2AePEB8="}},"signedIdentityKey":{"private":{"type":"Buffer","data":"ABLXsihPwzcObVcx4oUzTC3f6s5Hs71leRPjo3yR3Eg="},"public":{"type":"Buffer","data":"rlw5UQSTxHyWv57+8VXWbu7fOm16g/Ygra6Xc7xOTWE="}},"signedPreKey":{"keyPair":{"private":{"type":"Buffer","data":"YLZxsKZAaI/WcJzrbJTWsjHy/CsYrGOpI7UPj/iR1XE="},"public":{"type":"Buffer","data":"cjL/TN5j+52oCgaHQ+Qk4Abv4PjfsYbdsuv99+KDA2M="}},"signature":{"type":"Buffer","data":"4OiPgRZSVD3GpCkq4kux/bOkpcHbYITJdWf4IbyIfyVtnCFMKbiKKrOiFWf5KTD8eoeKU1pHpM6KxjgS3kHGgA=="},"keyId":1},"registrationId":71,"advSecretKey":"AFW4LM2YiyPr4w1aVpHVCgVlm46v//ruWDse9StwbtQ=","processedHistoryMessages":[{"key":{"remoteJid":"6285723701289@s.whatsapp.net","fromMe":true,"id":"4AB5786DFCE4C7A67BAAB021DF53D909"},"messageTimestamp":1715523291},{"key":{"remoteJid":"6285723701289@s.whatsapp.net","fromMe":true,"id":"37350A18994C95EC4945392B15FD93CA"},"messageTimestamp":1715523304},{"key":{"remoteJid":"6285723701289@s.whatsapp.net","fromMe":true,"id":"D61ECE87C1E41B827CACFE13F8DE3F59"},"messageTimestamp":1715523344},{"key":{"remoteJid":"6285723701289@s.whatsapp.net","fromMe":true,"id":"B0C167FF0FB6507441CBC75885D6BFFB"},"messageTimestamp":1715523349}],"nextPreKeyId":31,"firstUnuploadedPreKeyId":31,"accountSyncCounter":1,"accountSettings":{"unarchiveChats":false},"deviceId":"34F7alt1Tmmv5yz5hya5lA","phoneId":"0e9552af-f9fa-4023-955a-e8d8fcdf72a7","identityId":{"type":"Buffer","data":"3PLzOEqRKHze0XFrAfiTmPYLGgw="},"registered":false,"backupToken":{"type":"Buffer","data":"Hs7aoTe+8uWFXu4P8kEoFMgB3MM="},"registration":{},"account":{"details":"CI3mx1IQ0p2DsgYYASAAKAA=","accountSignatureKey":"pVR+v+0vabwFRDdQiH8+htD8FFz56dBEwPbj1qBFelI=","accountSignature":"p7UkBtdMffC5pMhAMI9q60J30vKWdB+fgVcteahBB88j6ULcqCJVmz6h91ltME9FJWsrYiI9EgGa0ziP08RRDw==","deviceSignature":"RBLxFOpZLNmkD6JWafDOcI3kwY+HwadqHRgvOl0sG+v7WVwjaVZM/De9/7hrDDqACsbWqoky4R0l0IXb6GFljg=="},"me":{"id":"6285723701289:59@s.whatsapp.net","name":"A'yam Mark Zuckerberg","jid":"6285723701289@s.whatsapp.net","lid":"203139521228960:59@lid"},"signalIdentities":[{"identifier":{"name":"6285723701289:59@s.whatsapp.net","deviceId":0},"identifierKey":{"type":"Buffer","data":"BaVUfr/tL2m8BUQ3UIh/PobQ/BRc+enQRMD249agRXpS"}}],"platform":"smba","lastAccountSyncTimestamp":1715523349,"myAppStateKeyId":"AAAAAGD+"}