{"_sessions":{"BSdWLDjAJhhPBKXA07XYbHjowcHHwISLEaULhsoZwFAW":{"registrationId":27153806,"currentRatchet":{"ephemeralKeyPair":{"pubKey":"BQZKKdT1nVgZY/c+TtUozl4MsyfuDcHz4fSClFjPLUhp","privKey":"4Cr1aUFHp3G4aO1FAk7oQb5aaeix1HWqXGb4Tf87A04="},"lastRemoteEphemeralKey":"BUUoTw8XAtLb55Ii0cc999NwVO9p+iu6jth8ZTgu1oND","previousCounter":0,"rootKey":"eyBa7+6oRCCpl9T14sHA7hP+FIurw/AZleU8GjxeM6s="},"indexInfo":{"baseKey":"BSdWLDjAJhhPBKXA07XYbHjowcHHwISLEaULhsoZwFAW","baseKeyType":1,"closed":1715523314808,"used":1715523314131,"created":1715523314131,"remoteIdentityKey":"BX1t2GuVPdFBCdsooP7qzIRRyjakzui6nfMBNmt3d4sn"},"_chains":{"BQZKKdT1nVgZY/c+TtUozl4MsyfuDcHz4fSClFjPLUhp":{"chainKey":{"counter":0,"key":"0rBKGpwjG5qXwBWIpd+s74ZCS6oYnVTxo12ht5t3dDs="},"chainType":1,"messageKeys":{}}},"pendingPreKey":{"signedKeyId":14,"baseKey":"BSdWLDjAJhhPBKXA07XYbHjowcHHwISLEaULhsoZwFAW","preKeyId":8102242}},"BXKOEqcyk0YQBnkky6M0eaYDtWioDwMVEBJDKAwltJ53":{"registrationId":27153806,"currentRatchet":{"ephemeralKeyPair":{"pubKey":"BXaJrU9rv8F0QbxGtScgJEaKr7RTPjfySPpm+fJKTvcl","privKey":"oOIkafvIvNe38sc569kXkpgkqNbrnNlpCEPN4jYxiUU="},"lastRemoteEphemeralKey":"BUUoTw8XAtLb55Ii0cc999NwVO9p+iu6jth8ZTgu1oND","previousCounter":0,"rootKey":"40QdVDagEDIHE6QuKyKaKVdjkm1tMZx/qqH+eupc594="},"indexInfo":{"baseKey":"BXKOEqcyk0YQBnkky6M0eaYDtWioDwMVEBJDKAwltJ53","baseKeyType":1,"closed":-1,"used":1715523314783,"created":1715523314783,"remoteIdentityKey":"BX1t2GuVPdFBCdsooP7qzIRRyjakzui6nfMBNmt3d4sn"},"_chains":{"BXaJrU9rv8F0QbxGtScgJEaKr7RTPjfySPpm+fJKTvcl":{"chainKey":{"counter":0,"key":"0bnKgKBoMyFXr7F69HUaUsD6uqqVlwgSSRcQg9pCLZY="},"chainType":1,"messageKeys":{}}},"pendingPreKey":{"signedKeyId":14,"baseKey":"BXKOEqcyk0YQBnkky6M0eaYDtWioDwMVEBJDKAwltJ53","preKeyId":8102169}}},"version":"v1"}