{"_sessions":{"BePTbvL0ZL4GCSa/pw0hBdz34kkPu4I8dEHKURuA2Pt7":{"registrationId":104173049,"currentRatchet":{"ephemeralKeyPair":{"pubKey":"BSZ28Vbsht2zcLaGZpEaT1gMKCMjNt72WspVDZbSAmAI","privKey":"8D55rRhVlNKr+uUaXt4pyF5TgA33lNQVjNQ5hJaclVI="},"lastRemoteEphemeralKey":"BVNt+6/JZ0Lv5uT0z3icJcYW3Zxw57LyjIQ4jsW4esl6","previousCounter":0,"rootKey":"sFk7CfWT4SfV/k1IbN4K1FHPnpEUgq5nEM0pPz8O0Nk="},"indexInfo":{"baseKey":"BePTbvL0ZL4GCSa/pw0hBdz34kkPu4I8dEHKURuA2Pt7","baseKeyType":1,"closed":1715523314807,"used":1715523314114,"created":1715523314114,"remoteIdentityKey":"BQc1CC5m+MmgC9yrleYzsi1tGcyjaLUPuLpCISYUwH1I"},"_chains":{"BSZ28Vbsht2zcLaGZpEaT1gMKCMjNt72WspVDZbSAmAI":{"chainKey":{"counter":0,"key":"NfsCJltgg9/N4Zux74ARClSnnzBCtrSCRzlj55HgUU4="},"chainType":1,"messageKeys":{}}},"pendingPreKey":{"signedKeyId":4,"baseKey":"BePTbvL0ZL4GCSa/pw0hBdz34kkPu4I8dEHKURuA2Pt7","preKeyId":705043}},"BWMm5mGT0TdAqM7Z10R+5FzJ9kGNJZ0kUWZ/egZdOf46":{"registrationId":104173049,"currentRatchet":{"ephemeralKeyPair":{"pubKey":"BeuysP7K4j8yC88TFe5lfYPP421qlsC7ZzUR7Q4q++kI","privKey":"aOAfrEomHZoX0QLdvUbrsr03EKT+T+fpH9iGA4DTtU8="},"lastRemoteEphemeralKey":"BVNt+6/JZ0Lv5uT0z3icJcYW3Zxw57LyjIQ4jsW4esl6","previousCounter":0,"rootKey":"RwoNu1o9DY/ZHTwABgijzsLytyKk7vnYeE7C+Fbz/zs="},"indexInfo":{"baseKey":"BWMm5mGT0TdAqM7Z10R+5FzJ9kGNJZ0kUWZ/egZdOf46","baseKeyType":1,"closed":-1,"used":1715523314770,"created":1715523314770,"remoteIdentityKey":"BQc1CC5m+MmgC9yrleYzsi1tGcyjaLUPuLpCISYUwH1I"},"_chains":{"BeuysP7K4j8yC88TFe5lfYPP421qlsC7ZzUR7Q4q++kI":{"chainKey":{"counter":0,"key":"w5f3ugTwqAdSfwUSDvRIhwnjylAXZ3Hc4dW0g4tcY0o="},"chainType":1,"messageKeys":{}}},"pendingPreKey":{"signedKeyId":4,"baseKey":"BWMm5mGT0TdAqM7Z10R+5FzJ9kGNJZ0kUWZ/egZdOf46","preKeyId":704986}}},"version":"v1"}