{"_sessions":{"BfWPcZA6WW4LynGnqd04kmdKTx/I0F62VFaxMxAzpEkV":{"registrationId":1164619056,"currentRatchet":{"ephemeralKeyPair":{"pubKey":"BYUDFs7nHQOjq2h8WqNFNdBr7uf6kJvvqSVKeSnA4EgD","privKey":"EBiFQ9in0NTbb0DvX9GraqNFT29zHBZu/5mYuWXW5GQ="},"lastRemoteEphemeralKey":"BQqi/jblD/WVT0aPUXO4QQNalX/jrM3+tT5wDifaH+5a","previousCounter":0,"rootKey":"hO59mJ3tuJq0NIKAPfKw8qavNwyFckVSkRqAm1ytD+g="},"indexInfo":{"baseKey":"BfWPcZA6WW4LynGnqd04kmdKTx/I0F62VFaxMxAzpEkV","baseKeyType":1,"closed":1715523314806,"used":1715523314080,"created":1715523314080,"remoteIdentityKey":"BZQ9FkSrr4CWnE3RdBKPlWFD/0QEgNKrmBWvc1XzJZN3"},"_chains":{"BYUDFs7nHQOjq2h8WqNFNdBr7uf6kJvvqSVKeSnA4EgD":{"chainKey":{"counter":0,"key":"Hd2hc4vQartQggevS3YtuIZuNtvwWd9FkD8oSfCngkg="},"chainType":1,"messageKeys":{}}},"pendingPreKey":{"signedKeyId":2,"baseKey":"BfWPcZA6WW4LynGnqd04kmdKTx/I0F62VFaxMxAzpEkV","preKeyId":11839352}},"BeVHYzhFT13uFnFobw9XzBNImSkK9kmeWTJtyhtfjL4u":{"registrationId":1164619056,"currentRatchet":{"ephemeralKeyPair":{"pubKey":"BTpzsO7jnP9BRn/ibADdQeKj1IxBauU9N7WM7rPuGPVk","privKey":"KFJ4GoNtb3LaQ8x52jJuqz2v07Z+cHO1mf9fZwA/bF4="},"lastRemoteEphemeralKey":"BQqi/jblD/WVT0aPUXO4QQNalX/jrM3+tT5wDifaH+5a","previousCounter":0,"rootKey":"O6hmY7NdGSdTCk03TGyysAeU5eRPye+6p2kHopSQb5U="},"indexInfo":{"baseKey":"BeVHYzhFT13uFnFobw9XzBNImSkK9kmeWTJtyhtfjL4u","baseKeyType":1,"closed":-1,"used":1715523314745,"created":1715523314745,"remoteIdentityKey":"BZQ9FkSrr4CWnE3RdBKPlWFD/0QEgNKrmBWvc1XzJZN3"},"_chains":{"BTpzsO7jnP9BRn/ibADdQeKj1IxBauU9N7WM7rPuGPVk":{"chainKey":{"counter":0,"key":"DhZM9wuVj61suc8h4/VN2+ULgX+3qmc2Ib8dbuxkkBI="},"chainType":1,"messageKeys":{}}},"pendingPreKey":{"signedKeyId":2,"baseKey":"BeVHYzhFT13uFnFobw9XzBNImSkK9kmeWTJtyhtfjL4u","preKeyId":11839389}}},"version":"v1"}