{"_sessions":{"BXqrrKphJjYLRmfvbGUZC2vFPRtYm+8Wvi14eNCbZpBH":{"registrationId":1349270070,"currentRatchet":{"ephemeralKeyPair":{"pubKey":"BeQvzBvbnbj0fUDIttLx1JdHM028o5xQ7iGRqEYLyBw5","privKey":"WFl/qIpM8BMFKLQv9tm+pv4LyTKbRVoNb0K5e5Lis3Y="},"lastRemoteEphemeralKey":"BSf1YyEbFEt4VOJ3yu8X3NBvLCq7oVxRm0A6hrNFp9A1","previousCounter":0,"rootKey":"8I4ROIrkeopvd9ORUVRCMyFYZX1WjhURLn/xF/Z3V1I="},"indexInfo":{"baseKey":"BXqrrKphJjYLRmfvbGUZC2vFPRtYm+8Wvi14eNCbZpBH","baseKeyType":1,"closed":1715523314809,"used":1715523314138,"created":1715523314138,"remoteIdentityKey":"BcqDnONRwwPJ2xtJdHZMmmRPZZhWZwb0Igmog7StB3x5"},"_chains":{"BeQvzBvbnbj0fUDIttLx1JdHM028o5xQ7iGRqEYLyBw5":{"chainKey":{"counter":0,"key":"7qmupTXrUGcCJuK++tOEeMKFC0BaLzPveCLJuWYpCDU="},"chainType":1,"messageKeys":{}}},"pendingPreKey":{"signedKeyId":13,"baseKey":"BXqrrKphJjYLRmfvbGUZC2vFPRtYm+8Wvi14eNCbZpBH","preKeyId":7211981}},"BfEjSk6gfeWV9b4fS4eh23si0TcobfyioedvxreqfBJj":{"registrationId":1349270070,"currentRatchet":{"ephemeralKeyPair":{"pubKey":"BSnzDELSZ/ABT740HihSQ5M0m0onN5atuTqrAKkPHvN5","privKey":"MLvPttoHTqf3yMj3RVOVX0dkWlNKq72hfaR24ZapbHY="},"lastRemoteEphemeralKey":"BSf1YyEbFEt4VOJ3yu8X3NBvLCq7oVxRm0A6hrNFp9A1","previousCounter":0,"rootKey":"zYa+T1OFkIkRuikhD7IBsfT9yuTl9r67+HBlRYWKJqs="},"indexInfo":{"baseKey":"BfEjSk6gfeWV9b4fS4eh23si0TcobfyioedvxreqfBJj","baseKeyType":1,"closed":-1,"used":1715523314789,"created":1715523314789,"remoteIdentityKey":"BcqDnONRwwPJ2xtJdHZMmmRPZZhWZwb0Igmog7StB3x5"},"_chains":{"BSnzDELSZ/ABT740HihSQ5M0m0onN5atuTqrAKkPHvN5":{"chainKey":{"counter":0,"key":"tdxMkGRD2kOmG4dPaMrfj9PDvKYw+dohAxT0AO43BIU="},"chainType":1,"messageKeys":{}}},"pendingPreKey":{"signedKeyId":13,"baseKey":"BfEjSk6gfeWV9b4fS4eh23si0TcobfyioedvxreqfBJj","preKeyId":7211864}}},"version":"v1"}