{"_sessions":{"BXfu9o5b8x+Uf+7R/lO22v8PvxROIWqb4hUP5gc2VcBM":{"registrationId":531508613,"currentRatchet":{"ephemeralKeyPair":{"pubKey":"BahBJneHNfe9kG6BR99yWLD0tfTq0u8DxhnY4Gm525QZ","privKey":"SIwk039bnQ8hFmvm5SNd+E3wl12J7ccNtjGElM5qhkw="},"lastRemoteEphemeralKey":"BSdrVzKADBkKuB/W41bjpujWug9aShuyiFBRhL/5IHwo","previousCounter":0,"rootKey":"9fM+5UFVhf4+618nB9EqNvSuZHRogRmpZnF+5nDHQ4Q="},"indexInfo":{"baseKey":"BXfu9o5b8x+Uf+7R/lO22v8PvxROIWqb4hUP5gc2VcBM","baseKeyType":2,"closed":-1,"used":1715523350140,"created":1715523350140,"remoteIdentityKey":"BXyBsPkF1KwKHp7NJjBIL5RlW5uXKXrep4dqKvxljhBQ"},"_chains":{"BSdrVzKADBkKuB/W41bjpujWug9aShuyiFBRhL/5IHwo":{"chainKey":{"counter":0,"key":"CeOx9O0pQ/TRArk+spskDDq/nNI4rIre6LZiQA/qL1s="},"chainType":2,"messageKeys":{}},"BahBJneHNfe9kG6BR99yWLD0tfTq0u8DxhnY4Gm525QZ":{"chainKey":{"counter":-1,"key":"jOjAcAJsS7B90vSYkTYWhIyMf+UkIgnFvuzQaUScF4w="},"chainType":1,"messageKeys":{}}}}},"version":"v1"}