{"_sessions":{"BdR0ov51s6jCfTn17eNyI5r3AQOTI6lsYne4gO5zABEV":{"registrationId":1203436643,"currentRatchet":{"ephemeralKeyPair":{"pubKey":"BXkJoNS4YGyCRBt2egysAHH0+ICg+DyQVXoMpWMgfsEa","privKey":"YCnrTinZPF9zph6svHlT3EB/ClpPX0QKhN3C9RYlknE="},"lastRemoteEphemeralKey":"BXwEF59Y3swt5bOdznhQta5ilj1EFrJtvzRMa5dAON15","previousCounter":0,"rootKey":"OioDYAiVoRGdj4/p9R7bNCuitdb8vN1BhOa9CSf9Pw0="},"indexInfo":{"baseKey":"BdR0ov51s6jCfTn17eNyI5r3AQOTI6lsYne4gO5zABEV","baseKeyType":1,"closed":1715523314809,"used":1715523314141,"created":1715523314141,"remoteIdentityKey":"BXf4xxkffV4Dqo0Wz53x/s/efNyaOk9pHfpXOAO7Jck4"},"_chains":{"BXkJoNS4YGyCRBt2egysAHH0+ICg+DyQVXoMpWMgfsEa":{"chainKey":{"counter":0,"key":"snTEajwcItYeWhpdIXRaTfxXhF8qZfmn9fAAeRq3qOA="},"chainType":1,"messageKeys":{}}},"pendingPreKey":{"signedKeyId":7,"baseKey":"BdR0ov51s6jCfTn17eNyI5r3AQOTI6lsYne4gO5zABEV","preKeyId":12007245}},"BcZ/78s9YDxwP5qPgt3GFCmPwo8s8YYG4hUlsw0seKov":{"registrationId":1203436643,"currentRatchet":{"ephemeralKeyPair":{"pubKey":"BZnBNqeZsgOJAq/Bdt+2NjhZowWw+/t/SqUbdVZ/23E5","privKey":"QMumMjcYMBq/tMoTaU+vMKoQbiMKATkGaFuxUYFH8ls="},"lastRemoteEphemeralKey":"BXwEF59Y3swt5bOdznhQta5ilj1EFrJtvzRMa5dAON15","previousCounter":0,"rootKey":"mMs0d5KO586qUTK+vEMT9hc9UOCIdoEvy9qJJfzn468="},"indexInfo":{"baseKey":"BcZ/78s9YDxwP5qPgt3GFCmPwo8s8YYG4hUlsw0seKov","baseKeyType":1,"closed":-1,"used":1715523314792,"created":1715523314792,"remoteIdentityKey":"BXf4xxkffV4Dqo0Wz53x/s/efNyaOk9pHfpXOAO7Jck4"},"_chains":{"BZnBNqeZsgOJAq/Bdt+2NjhZowWw+/t/SqUbdVZ/23E5":{"chainKey":{"counter":0,"key":"yGECVgWcIL7nYFrYx5+ZPkL/AWauFIFYy8ltYTI4/Kk="},"chainType":1,"messageKeys":{}}},"pendingPreKey":{"signedKeyId":7,"baseKey":"BcZ/78s9YDxwP5qPgt3GFCmPwo8s8YYG4hUlsw0seKov","preKeyId":12007435}}},"version":"v1"}