{"_sessions":{"BR9+RA7L2O9mdNc69yoQdkGFLwoUPSV5vsC7H4E+SPNZ":{"registrationId":1655929297,"currentRatchet":{"ephemeralKeyPair":{"pubKey":"Bcug3uIbXvZZ1/Xa2b6mG1oeqveyv47X+8SWCsd10vo1","privKey":"SEnH1RxL0Mhd2Y6meICE6v6udhnoKEeZFRG5eTYzXlA="},"lastRemoteEphemeralKey":"Ba5PqFcP0p+sdcYn9IpX7jCFUdtFwJYOv5+MNHSpN7Iq","previousCounter":0,"rootKey":"8/0kiwZ+kb010u1vittwpNRu72skH6gwk+/n0BiOrO0="},"indexInfo":{"baseKey":"BR9+RA7L2O9mdNc69yoQdkGFLwoUPSV5vsC7H4E+SPNZ","baseKeyType":2,"closed":-1,"used":1715523289182,"created":1715523289182,"remoteIdentityKey":"BZoCpYgy/XrcL0hBBEHAWltPFSlloasq6IWIWHsQA5oD"},"_chains":{"Ba5PqFcP0p+sdcYn9IpX7jCFUdtFwJYOv5+MNHSpN7Iq":{"chainKey":{"counter":0,"key":"JGXJiRBUF4SC9BwOS5r7P0xlyc4j0GFNLflI4ZiMZeQ="},"chainType":2,"messageKeys":{}},"Bcug3uIbXvZZ1/Xa2b6mG1oeqveyv47X+8SWCsd10vo1":{"chainKey":{"counter":-1,"key":"HOQGs7ZGz3uCKoE0Zk1aZQiMdeQmZWydKB13VxNA4X0="},"chainType":1,"messageKeys":{}}}}},"version":"v1"}