{"_sessions":{"BYF0EwjEUYE8rqVo4nYJnX8T0ehN5/n8AXz0cmjcylAZ":{"registrationId":1918462200,"currentRatchet":{"ephemeralKeyPair":{"pubKey":"BbuYQiStZZtKOCsZfMUZUoRscSVzL/JGH4KJ+Ouk2goK","privKey":"IJHEpDl41tjT/L2qe1y5xEh7xs0GVC70BHXg/7o70F4="},"lastRemoteEphemeralKey":"BQDKekm4WLoOE6W0s4EgM4DAmlXqekQ5oOGIHhQ75uFb","previousCounter":0,"rootKey":"wFsabogo0NW8SKKw23Ha6F/9+fbxiZcxqfbx/UuZL5Y="},"indexInfo":{"baseKey":"BYF0EwjEUYE8rqVo4nYJnX8T0ehN5/n8AXz0cmjcylAZ","baseKeyType":1,"closed":1715523314805,"used":1715523314048,"created":1715523314048,"remoteIdentityKey":"Baaj+KosXVn2SVi1nDGp/DNewwEY6noSpkS3gbPvxDVh"},"_chains":{"BbuYQiStZZtKOCsZfMUZUoRscSVzL/JGH4KJ+Ouk2goK":{"chainKey":{"counter":0,"key":"+4ag5F4+P/blUNTi5D9H1Wsi0uC7/HZjF92Rtmf9/rw="},"chainType":1,"messageKeys":{}}},"pendingPreKey":{"signedKeyId":28,"baseKey":"BYF0EwjEUYE8rqVo4nYJnX8T0ehN5/n8AXz0cmjcylAZ"}},"BdXRJDD3SKSlR+6rreZOgRw3kAn8rOIux048EzAuFNox":{"registrationId":1918462200,"currentRatchet":{"ephemeralKeyPair":{"pubKey":"BeRmFIpOxwzIy+v8+eHiBL2rXl4ArNK9CXJ3PCF+RYs2","privKey":"2KZPf36J8/zrK7S1AOrH/exEBXBS9dcUeipSLgX2XmY="},"lastRemoteEphemeralKey":"BQDKekm4WLoOE6W0s4EgM4DAmlXqekQ5oOGIHhQ75uFb","previousCounter":0,"rootKey":"34PhrJUABVBytaY6UkFVIOr54CGFXVrxs94oRjvnhiA="},"indexInfo":{"baseKey":"BdXRJDD3SKSlR+6rreZOgRw3kAn8rOIux048EzAuFNox","baseKeyType":1,"closed":-1,"used":1715523314724,"created":1715523314724,"remoteIdentityKey":"Baaj+KosXVn2SVi1nDGp/DNewwEY6noSpkS3gbPvxDVh"},"_chains":{"BeRmFIpOxwzIy+v8+eHiBL2rXl4ArNK9CXJ3PCF+RYs2":{"chainKey":{"counter":0,"key":"0yVGSkXdtHjtFCgfQEvXXE39IdcR9WIaz8YVP66WwxA="},"chainType":1,"messageKeys":{}}},"pendingPreKey":{"signedKeyId":28,"baseKey":"BdXRJDD3SKSlR+6rreZOgRw3kAn8rOIux048EzAuFNox"}}},"version":"v1"}