{"_sessions":{"BTQOos41uBzpU4oAQ8Kkgg8GLFCh/milCNViOgHgm6ot":{"registrationId":487645538,"currentRatchet":{"ephemeralKeyPair":{"pubKey":"BeFAp+8KuD3xjVHbNNlQFh48rOWJ8DJe0DLU17CC3EZB","privKey":"AH09RYVSBVYFnoDs/3XSG0PYsYp7tssjVFCguf1m+Xc="},"lastRemoteEphemeralKey":"BTO6uhZs+5t2/GZUcBRT2sdQcWc8K3kknKaXyg2hcs4v","previousCounter":0,"rootKey":"/YMvXIAdSeGgoJaRYYUe7cF6WRWqETGLxHxVbEZDMAM="},"indexInfo":{"baseKey":"BTQOos41uBzpU4oAQ8Kkgg8GLFCh/milCNViOgHgm6ot","baseKeyType":1,"closed":1715523314804,"used":1715523314035,"created":1715523314035,"remoteIdentityKey":"BVdQwaxEkZOYBa0J1yCVD/lsUcm9LzBxJktR/vVV7ZFM"},"_chains":{"BeFAp+8KuD3xjVHbNNlQFh48rOWJ8DJe0DLU17CC3EZB":{"chainKey":{"counter":0,"key":"7guQcRXjP2+LseYfeJVu6XXCKuu0scHxain/nCTjkSM="},"chainType":1,"messageKeys":{}}},"pendingPreKey":{"signedKeyId":0,"baseKey":"BTQOos41uBzpU4oAQ8Kkgg8GLFCh/milCNViOgHgm6ot","preKeyId":2179146}},"BaRpu8CzMF++brYSahCUqb8eC5cGG/3hzOiVv6FrcO0f":{"registrationId":487645538,"currentRatchet":{"ephemeralKeyPair":{"pubKey":"BUs7UfeErNZ3q7+qlS901YRuxLpohebyQgWxuEB4b0Ur","privKey":"UP2EY7p06X0dCM4l+8eMUNE9aaqsk89VJzQqWU5vQlo="},"lastRemoteEphemeralKey":"BTO6uhZs+5t2/GZUcBRT2sdQcWc8K3kknKaXyg2hcs4v","previousCounter":0,"rootKey":"zMofaSdAkC1D3neca6ToRFxbUGffqCIvK9Wq6iD3//o="},"indexInfo":{"baseKey":"BaRpu8CzMF++brYSahCUqb8eC5cGG/3hzOiVv6FrcO0f","baseKeyType":1,"closed":-1,"used":1715523314715,"created":1715523314715,"remoteIdentityKey":"BVdQwaxEkZOYBa0J1yCVD/lsUcm9LzBxJktR/vVV7ZFM"},"_chains":{"BUs7UfeErNZ3q7+qlS901YRuxLpohebyQgWxuEB4b0Ur":{"chainKey":{"counter":0,"key":"tA9ud4n81IfkviUDoL9wtESnXLCHDJPhKApoSBvyD6Q="},"chainType":1,"messageKeys":{}}},"pendingPreKey":{"signedKeyId":0,"baseKey":"BaRpu8CzMF++brYSahCUqb8eC5cGG/3hzOiVv6FrcO0f","preKeyId":2179092}}},"version":"v1"}