{"_sessions":{"BXbRIt2+lh5SXeIFNQRgFKIDG7AQho8VCFSihpO6vyxc":{"registrationId":191371829,"currentRatchet":{"ephemeralKeyPair":{"pubKey":"BcRl07vpBEm/8xs4DkKNKG2az0rJQdkO5Z7rAjJumZ4p","privKey":"wMvoy3Jv76fcRc/7dJ/JoqhiZMFS2lC5K1hgA0cJd1c="},"lastRemoteEphemeralKey":"BfX5/TeOLL3ytK4SqtwRKvAQqbdsp4nRZsoKxw5IHp03","previousCounter":0,"rootKey":"d83fA6cuRty0NHfmflWWkHUuvEyrFrDOLCb/x6vbIek="},"indexInfo":{"baseKey":"BXbRIt2+lh5SXeIFNQRgFKIDG7AQho8VCFSihpO6vyxc","baseKeyType":1,"closed":1715523314802,"used":1715523313993,"created":1715523313993,"remoteIdentityKey":"BfyOLnTq8PD0K/Z9mFqwHzALMLcyD4miB6qzKgM7eYFD"},"_chains":{"BcRl07vpBEm/8xs4DkKNKG2az0rJQdkO5Z7rAjJumZ4p":{"chainKey":{"counter":0,"key":"nkVPwZh4NHLTfakyu2Ie3rqlfeBz3eJcfX0Y3ytlMPk="},"chainType":1,"messageKeys":{}}},"pendingPreKey":{"signedKeyId":11,"baseKey":"BXbRIt2+lh5SXeIFNQRgFKIDG7AQho8VCFSihpO6vyxc","preKeyId":8871748}},"BRQEIHjUIFhU9vQGCTLbAgZ/HFuLFtbSTBhLsxtiqb5v":{"registrationId":191371829,"currentRatchet":{"ephemeralKeyPair":{"pubKey":"BTjYhoSmOZdjExi77SH2fJcRQMfG+yZRkkDcwLjEvWp9","privKey":"YGqbakAA8EABWgzjfxo+T01GbeN+maX7tI+k+wslumM="},"lastRemoteEphemeralKey":"BfX5/TeOLL3ytK4SqtwRKvAQqbdsp4nRZsoKxw5IHp03","previousCounter":0,"rootKey":"pcvQpFNEKwvDqzdtDv/cfIqAiVp6jsCVitZA/etQ+/A="},"indexInfo":{"baseKey":"BRQEIHjUIFhU9vQGCTLbAgZ/HFuLFtbSTBhLsxtiqb5v","baseKeyType":1,"closed":-1,"used":1715523314683,"created":1715523314683,"remoteIdentityKey":"BfyOLnTq8PD0K/Z9mFqwHzALMLcyD4miB6qzKgM7eYFD"},"_chains":{"BTjYhoSmOZdjExi77SH2fJcRQMfG+yZRkkDcwLjEvWp9":{"chainKey":{"counter":0,"key":"GcqI6asWXDsKAMkwRvY+C8Fh6jfIIsCIS7VsPt2O6Hc="},"chainType":1,"messageKeys":{}}},"pendingPreKey":{"signedKeyId":11,"baseKey":"BRQEIHjUIFhU9vQGCTLbAgZ/HFuLFtbSTBhLsxtiqb5v","preKeyId":8871670}}},"version":"v1"}