{"_sessions":{"BWG8iOH+TfyDkQegFtgKFfl2eSrN+YPJNjB+jPhXrHxf":{"registrationId":1276527608,"currentRatchet":{"ephemeralKeyPair":{"pubKey":"BQ/Tva9zS00SxF3YlcIRhNiDOKyB3Jj58d7W9eQVT19p","privKey":"aKsmhypXos9w96eOoqlAFCMJN+8f+17zFU6/2MmThEg="},"lastRemoteEphemeralKey":"BbvbIbCrC2OXEm7TxJwgu9dwaCkViNAiMsyFKkvRbeMu","previousCounter":0,"rootKey":"px/p6ZSssWM3QzANJBblbdID/yWypM9ARq+B2prWiwE="},"indexInfo":{"baseKey":"BWG8iOH+TfyDkQegFtgKFfl2eSrN+YPJNjB+jPhXrHxf","baseKeyType":2,"closed":-1,"used":1715523301681,"created":1715523301681,"remoteIdentityKey":"BczDNIxER7qnCEVgZKgQYllTTlBxFcWGNL3JTFjxpVEG"},"_chains":{"BbvbIbCrC2OXEm7TxJwgu9dwaCkViNAiMsyFKkvRbeMu":{"chainKey":{"counter":0,"key":"/lskuPmHq7O+LaUu+qRbFkzuyvAwkRhmptdoh3YZGkA="},"chainType":2,"messageKeys":{}},"BQ/Tva9zS00SxF3YlcIRhNiDOKyB3Jj58d7W9eQVT19p":{"chainKey":{"counter":-1,"key":"yLEJ/q9qMf7BVoILF2bHomxQpyX+4t4SLxG+xmR8qxw="},"chainType":1,"messageKeys":{}}}}},"version":"v1"}