{"_sessions":{"BW1ziKUiWNkhkWOVD+/Si0WsIO8porl1eGDVLxKjDwU2":{"registrationId":1516554429,"currentRatchet":{"ephemeralKeyPair":{"pubKey":"BV5GK0z/105actHj9OngpHZXdK68E4mZi1OKZJ+zgXhI","privKey":"iI90KO7aVb9PpGMa9cOY8n8yJ7U5F3qsNRw6+7aNkUs="},"lastRemoteEphemeralKey":"BVzxH9WA86QA3IiD9QXZ/LTerGB5ez3AX/0fWUubKRRP","previousCounter":0,"rootKey":"OkbhVNXbx0bKytWbdne/DT+0eWwDfJFLDY4L5gFtfRk="},"indexInfo":{"baseKey":"BW1ziKUiWNkhkWOVD+/Si0WsIO8porl1eGDVLxKjDwU2","baseKeyType":1,"closed":1715523314809,"used":1715523314145,"created":1715523314145,"remoteIdentityKey":"BVgT3CGRVeJKafXs5c2WeYQeLlF8uUQK1aJXuhGYUGg8"},"_chains":{"BV5GK0z/105actHj9OngpHZXdK68E4mZi1OKZJ+zgXhI":{"chainKey":{"counter":0,"key":"wcNaP4WKZO73dt/ojaAmfSWrKRC21/t9AGtLv9PCLuc="},"chainType":1,"messageKeys":{}}},"pendingPreKey":{"signedKeyId":4,"baseKey":"BW1ziKUiWNkhkWOVD+/Si0WsIO8porl1eGDVLxKjDwU2","preKeyId":6843371}},"BSmtWwPgPf2Xz3Hp5zrdlYnfiA8s/jrpNq4JlfwKbK50":{"registrationId":1516554429,"currentRatchet":{"ephemeralKeyPair":{"pubKey":"BZY/49xQkxzCph0CGsat9uFujrXnqLjOfNvqhABI6PhR","privKey":"CPDMlNLJBiyN8SwluUKlUjZbzJg+kXJcYs6Q28eo9Ww="},"lastRemoteEphemeralKey":"BVzxH9WA86QA3IiD9QXZ/LTerGB5ez3AX/0fWUubKRRP","previousCounter":0,"rootKey":"CDD+5MjpIHMzLfTeIEdrNfrlN4Nrxd+uqN9HWyI8E8w="},"indexInfo":{"baseKey":"BSmtWwPgPf2Xz3Hp5zrdlYnfiA8s/jrpNq4JlfwKbK50","baseKeyType":1,"closed":-1,"used":1715523314795,"created":1715523314795,"remoteIdentityKey":"BVgT3CGRVeJKafXs5c2WeYQeLlF8uUQK1aJXuhGYUGg8"},"_chains":{"BZY/49xQkxzCph0CGsat9uFujrXnqLjOfNvqhABI6PhR":{"chainKey":{"counter":0,"key":"eOoutw+dV1eCx0z1/+LPm+Dru7f5htQjubpIb8a2gGQ="},"chainType":1,"messageKeys":{}}},"pendingPreKey":{"signedKeyId":4,"baseKey":"BSmtWwPgPf2Xz3Hp5zrdlYnfiA8s/jrpNq4JlfwKbK50","preKeyId":6844002}}},"version":"v1"}