{"_sessions":{"BRoF42Uei8z2K9PQjk82nrgHPSb3kP98gcLE+hlXnNFO":{"registrationId":636392661,"currentRatchet":{"ephemeralKeyPair":{"pubKey":"BUPriWQB6VjomGvAjh9pW1+Fjd9v4bADdy/El3NFg3QP","privKey":"iNNcOV4C29szBWtNkzJglQ9DB3Cm7I4ISZsPVSqyyFs="},"lastRemoteEphemeralKey":"BbSNzC/cTREAWj/1jPVhgjixiHDk04IWIRiivcMslnpQ","previousCounter":0,"rootKey":"5KJ3H27iA4RvAMszbY+4MlwCYafPwtPEkr+07wC3dEg="},"indexInfo":{"baseKey":"BRoF42Uei8z2K9PQjk82nrgHPSb3kP98gcLE+hlXnNFO","baseKeyType":1,"closed":1715523314803,"used":1715523314016,"created":1715523314016,"remoteIdentityKey":"BYAOQ//8ftamg/DxqgtCZ7iKUaCUMDtiU64zjT1yAXkS"},"_chains":{"BUPriWQB6VjomGvAjh9pW1+Fjd9v4bADdy/El3NFg3QP":{"chainKey":{"counter":0,"key":"ohraH3WK6bx2vDf83eFSnTBzIPUhcGrisFFvPGlp8zU="},"chainType":1,"messageKeys":{}}},"pendingPreKey":{"signedKeyId":1,"baseKey":"BRoF42Uei8z2K9PQjk82nrgHPSb3kP98gcLE+hlXnNFO","preKeyId":4396295}},"BaNuRT2b2bn3YPXjTpV1lKXm0Beyx0iN09a/OjI0G7Ui":{"registrationId":636392661,"currentRatchet":{"ephemeralKeyPair":{"pubKey":"BSwxbz2aySIt1W25dFVJ2ER0VhshYrb7/JXMQ0XzNsEU","privKey":"ID6TpvGN1etQa9kUH0B6jIzT7+N4y6QWDyVpnEgC43M="},"lastRemoteEphemeralKey":"BbSNzC/cTREAWj/1jPVhgjixiHDk04IWIRiivcMslnpQ","previousCounter":0,"rootKey":"8bmSgNMqA5ohqaLlL+wbJB17lYOTLvlBl7F4emj+xks="},"indexInfo":{"baseKey":"BaNuRT2b2bn3YPXjTpV1lKXm0Beyx0iN09a/OjI0G7Ui","baseKeyType":1,"closed":-1,"used":1715523314702,"created":1715523314702,"remoteIdentityKey":"BYAOQ//8ftamg/DxqgtCZ7iKUaCUMDtiU64zjT1yAXkS"},"_chains":{"BSwxbz2aySIt1W25dFVJ2ER0VhshYrb7/JXMQ0XzNsEU":{"chainKey":{"counter":0,"key":"zvY4djsrvn4sQU5bZi78WPyKLIHFwxulUaBrK4fN5kU="},"chainType":1,"messageKeys":{}}},"pendingPreKey":{"signedKeyId":1,"baseKey":"BaNuRT2b2bn3YPXjTpV1lKXm0Beyx0iN09a/OjI0G7Ui","preKeyId":4396119}}},"version":"v1"}