{"_sessions":{"Bak3uI9IaC2AJinBBl4jPv8XNEkGnhnpVbR77R+NfYNd":{"registrationId":1565848781,"currentRatchet":{"ephemeralKeyPair":{"pubKey":"BS3ynCn5B9H6eApQB5nGB4eoYFkpGoIrY3Ei69skI31I","privKey":"uI8F88U78A/k+ar9Pe/+0XqkhiAP8m1ZIHguyGvuTmc="},"lastRemoteEphemeralKey":"BVy0i4lG3Q7T7JkhgbXGMB/dB97wCc40klSZTP5iBhpA","previousCounter":0,"rootKey":"BvbQDphpX+EkXDW2ONG88qbO5QxN9WQdTpwiNP1BmGQ="},"indexInfo":{"baseKey":"Bak3uI9IaC2AJinBBl4jPv8XNEkGnhnpVbR77R+NfYNd","baseKeyType":1,"closed":1715523314805,"used":1715523314066,"created":1715523314066,"remoteIdentityKey":"BSs5F8DhzRcrMz4siJAjd20Lmdv3a9y3SIcl2gCy9/ky"},"_chains":{"BS3ynCn5B9H6eApQB5nGB4eoYFkpGoIrY3Ei69skI31I":{"chainKey":{"counter":0,"key":"8zdwIOz/h+BiReBJrQbrr7snlDdofzHl8f4IfPC31P0="},"chainType":1,"messageKeys":{}}},"pendingPreKey":{"signedKeyId":8,"baseKey":"Bak3uI9IaC2AJinBBl4jPv8XNEkGnhnpVbR77R+NfYNd","preKeyId":7320966}},"BQQcS9xPCEAJd+fA6n7JTUhBcD/SpGxgs3PCS7Z45olp":{"registrationId":1565848781,"currentRatchet":{"ephemeralKeyPair":{"pubKey":"BcSx7i8yrZJ3ul0bVBG1RoeZCD4yGxj9fQQlUG6jeOUc","privKey":"QD/DRiok3a30fA+Qd5CC7PU3E9tSXMEh4wmcf3kvB0o="},"lastRemoteEphemeralKey":"BVy0i4lG3Q7T7JkhgbXGMB/dB97wCc40klSZTP5iBhpA","previousCounter":0,"rootKey":"z8iargmnBYU7jGF5JeaIqI0soyUHT7RzZz2TnrrvQGQ="},"indexInfo":{"baseKey":"BQQcS9xPCEAJd+fA6n7JTUhBcD/SpGxgs3PCS7Z45olp","baseKeyType":1,"closed":-1,"used":1715523314736,"created":1715523314736,"remoteIdentityKey":"BSs5F8DhzRcrMz4siJAjd20Lmdv3a9y3SIcl2gCy9/ky"},"_chains":{"BcSx7i8yrZJ3ul0bVBG1RoeZCD4yGxj9fQQlUG6jeOUc":{"chainKey":{"counter":0,"key":"XrYx7ooERkbBwvmVSXmQAk4nknIK2g6OQWWecQtO0QA="},"chainType":1,"messageKeys":{}}},"pendingPreKey":{"signedKeyId":8,"baseKey":"BQQcS9xPCEAJd+fA6n7JTUhBcD/SpGxgs3PCS7Z45olp","preKeyId":7321056}}},"version":"v1"}