{"_sessions":{"Ba6UnrHXqFxppqSAn8XDNnd64lUoTLiALjt8oKgJeRMs":{"registrationId":1303421666,"currentRatchet":{"ephemeralKeyPair":{"pubKey":"Be/NHcobeMYCDoxFbWyhM+nw/8JH+0789DRIuuWK1KUe","privKey":"SBsGGqDWgglpldGZhi84y98HtNjl2yM6Yu2X6majK0w="},"lastRemoteEphemeralKey":"BRUvFwsFkgLlFlJKPIvfP9qp5L9qU9AyZ/wfIaoZlcVP","previousCounter":0,"rootKey":"gAaqSEXhDdLwBD4iurAGDGgUafQNWj9imgvPkAr7IqM="},"indexInfo":{"baseKey":"Ba6UnrHXqFxppqSAn8XDNnd64lUoTLiALjt8oKgJeRMs","baseKeyType":1,"closed":1715523314805,"used":1715523314061,"created":1715523314061,"remoteIdentityKey":"BYOyzH6+cr62ifpbDHiSZypVA8tZGQRAKeh8WYMswRJh"},"_chains":{"Be/NHcobeMYCDoxFbWyhM+nw/8JH+0789DRIuuWK1KUe":{"chainKey":{"counter":0,"key":"JRDmMRpOaWoxXV5CNkiZ1+R9kbauRTrQ1wNoIE6ALAs="},"chainType":1,"messageKeys":{}}},"pendingPreKey":{"signedKeyId":5,"baseKey":"Ba6UnrHXqFxppqSAn8XDNnd64lUoTLiALjt8oKgJeRMs"}},"BSs5kYIWdMe2vmKFLYtSRivp7825Nw71ngyCAw3/upJF":{"registrationId":1303421666,"currentRatchet":{"ephemeralKeyPair":{"pubKey":"BZwyRRJAD0SzMrQ6jugP5uRM0PfHSn54M5q/H4hYb4Ah","privKey":"MMCFfJ4026cqcDwutKOdSa8Tu4ICqvOQ+aidD58soEs="},"lastRemoteEphemeralKey":"BRUvFwsFkgLlFlJKPIvfP9qp5L9qU9AyZ/wfIaoZlcVP","previousCounter":0,"rootKey":"M8Df54Qd4BUNHR6DhxgWRUHM9gM3+qchgkEnRds5Dus="},"indexInfo":{"baseKey":"BSs5kYIWdMe2vmKFLYtSRivp7825Nw71ngyCAw3/upJF","baseKeyType":1,"closed":-1,"used":1715523314733,"created":1715523314733,"remoteIdentityKey":"BYOyzH6+cr62ifpbDHiSZypVA8tZGQRAKeh8WYMswRJh"},"_chains":{"BZwyRRJAD0SzMrQ6jugP5uRM0PfHSn54M5q/H4hYb4Ah":{"chainKey":{"counter":0,"key":"Jnvu4b/J18z3XE76THCBsXl03ON48J1wkPuVI07df+U="},"chainType":1,"messageKeys":{}}},"pendingPreKey":{"signedKeyId":5,"baseKey":"BSs5kYIWdMe2vmKFLYtSRivp7825Nw71ngyCAw3/upJF"}}},"version":"v1"}