{"_sessions":{"BZEYjS37JfxUr2CHvBLN76Bl3FkYJU9Kb+T44WEGrnFA":{"registrationId":1536733761,"currentRatchet":{"ephemeralKeyPair":{"pubKey":"BcN8S1ryrwY1Hg8UxrqoGQUnv4CUPNyqRDiC8Ie0ZcJR","privKey":"OHqFPzsEUU49+dUiam1O3Gn9yPhj8cozpse+FgnwOFA="},"lastRemoteEphemeralKey":"BXoa1u85a9+eK5rkCW2PgQug/mqKyUBdOb8rAvV0a99f","previousCounter":0,"rootKey":"MuMI4MuShdhmwmF2HOpZ9GKsH1aPOcb4VWD7MfewTAs="},"indexInfo":{"baseKey":"BZEYjS37JfxUr2CHvBLN76Bl3FkYJU9Kb+T44WEGrnFA","baseKeyType":1,"closed":1715523314803,"used":1715523314021,"created":1715523314021,"remoteIdentityKey":"BYfiuXaXeZ+mosiI+Hufl+sUAVOFWEJKGeua2xnssZBX"},"_chains":{"BcN8S1ryrwY1Hg8UxrqoGQUnv4CUPNyqRDiC8Ie0ZcJR":{"chainKey":{"counter":0,"key":"ZfH5Ed+WtSFBQwYy+reyWSRoAeXHAiPfRtvB4SjOaDA="},"chainType":1,"messageKeys":{}}},"pendingPreKey":{"signedKeyId":2,"baseKey":"BZEYjS37JfxUr2CHvBLN76Bl3FkYJU9Kb+T44WEGrnFA","preKeyId":10534802}},"BYtQ5mOH02oWBL+X3uvaQqGkUDYFX++HYZvvaP57kbNP":{"registrationId":1536733761,"currentRatchet":{"ephemeralKeyPair":{"pubKey":"Bfo3nUBAb+4sXvId9cATOBjMddJM91wgzr9X/gmMWi8h","privKey":"UIA+LouGpwIih0lk4trDUh4Vo0gJ1Z94b+znPQXL0m4="},"lastRemoteEphemeralKey":"BXoa1u85a9+eK5rkCW2PgQug/mqKyUBdOb8rAvV0a99f","previousCounter":0,"rootKey":"ICatDq5+ucPFi2b73THws/TF603U/1WQnL3N5jIsuck="},"indexInfo":{"baseKey":"BYtQ5mOH02oWBL+X3uvaQqGkUDYFX++HYZvvaP57kbNP","baseKeyType":1,"closed":-1,"used":1715523314705,"created":1715523314705,"remoteIdentityKey":"BYfiuXaXeZ+mosiI+Hufl+sUAVOFWEJKGeua2xnssZBX"},"_chains":{"Bfo3nUBAb+4sXvId9cATOBjMddJM91wgzr9X/gmMWi8h":{"chainKey":{"counter":0,"key":"Pjtt/rO1rGHaNr7h68RjzS1U3/Jtro+Kh8dfpMZVGBY="},"chainType":1,"messageKeys":{}}},"pendingPreKey":{"signedKeyId":2,"baseKey":"BYtQ5mOH02oWBL+X3uvaQqGkUDYFX++HYZvvaP57kbNP","preKeyId":10535582}}},"version":"v1"}