{"_sessions":{"BTDjuW6O76OzE6ULfCsE4Er1hSSzawWWarIw42borIBW":{"registrationId":5176,"currentRatchet":{"ephemeralKeyPair":{"pubKey":"Bb9SLwdg7ghI77oiTslmg2wgTT3r3aSA5hSQ7ZD5oxpT","privKey":"mMHVZvDA+OAxh/V0tpgZ055hGT5aJWSV7oa2D6ib30A="},"lastRemoteEphemeralKey":"BcUF74Abp89gVIqNZ8aOIPA15ufIT9zutHeGv3Wfdap/","previousCounter":0,"rootKey":"8uFqwuivoa6OwpgmFx0g/MhM8qzMVzJ7jzzKwxaCXtY="},"indexInfo":{"baseKey":"BTDjuW6O76OzE6ULfCsE4Er1hSSzawWWarIw42borIBW","baseKeyType":1,"closed":1715523314801,"used":1715523313964,"created":1715523313964,"remoteIdentityKey":"Bd0x0GfqE9XyfOGSPNp0cpAUt3Ezb4QqZWpdqG4Ueutr"},"_chains":{"Bb9SLwdg7ghI77oiTslmg2wgTT3r3aSA5hSQ7ZD5oxpT":{"chainKey":{"counter":0,"key":"HNbaBxlw8AU7bPgJxRqMavuDEz+AEI1asYj/lPgdeIA="},"chainType":1,"messageKeys":{}}},"pendingPreKey":{"signedKeyId":1,"baseKey":"BTDjuW6O76OzE6ULfCsE4Er1hSSzawWWarIw42borIBW"}},"BfCXBjyILRBWup5l3hkX1PTwj3i/65BbtwwH9HO5c0sf":{"registrationId":5176,"currentRatchet":{"ephemeralKeyPair":{"pubKey":"BW0wB/YaWOFxdxwTS8SgcFMfgdDTMRbe6uZ0bp9a7hJK","privKey":"CGzquGOrrIHHYCQyNxaXuc0pNGhq8KsuWLzZn2/ROlM="},"lastRemoteEphemeralKey":"BcUF74Abp89gVIqNZ8aOIPA15ufIT9zutHeGv3Wfdap/","previousCounter":0,"rootKey":"/zu+zRlc+ULcobmeA+XS+iKCdPcBoZwancrugxNaQG0="},"indexInfo":{"baseKey":"BfCXBjyILRBWup5l3hkX1PTwj3i/65BbtwwH9HO5c0sf","baseKeyType":1,"closed":-1,"used":1715523314661,"created":1715523314661,"remoteIdentityKey":"Bd0x0GfqE9XyfOGSPNp0cpAUt3Ezb4QqZWpdqG4Ueutr"},"_chains":{"BW0wB/YaWOFxdxwTS8SgcFMfgdDTMRbe6uZ0bp9a7hJK":{"chainKey":{"counter":0,"key":"PRjHuhamdiF+ZHI4n8A5M9EJHdksHYCFAp/5tqJd5p8="},"chainType":1,"messageKeys":{}}},"pendingPreKey":{"signedKeyId":1,"baseKey":"BfCXBjyILRBWup5l3hkX1PTwj3i/65BbtwwH9HO5c0sf"}}},"version":"v1"}