{"_sessions":{"Bfqlgfhz8NP+S1g9fQh0H5pC2qDPRQvfWzHQQWbvfUkW":{"registrationId":1131106044,"currentRatchet":{"ephemeralKeyPair":{"pubKey":"Bd7G3mQtcHvhFE+Wp4g/D4VkExp8pon5bvFjHHZ/hQ04","privKey":"6IzpX+cLWJIDbTH3Ex1ZnFZDay4gkyMwheBgng0IQVk="},"lastRemoteEphemeralKey":"BV/ZEX/JfGgA9JpHaVciwJw1AqvqYCaiipMt1lg1DNI/","previousCounter":0,"rootKey":"Q1c7odc45H1An5th1szCgimQfsT8dWGk0TLBXEvCOak="},"indexInfo":{"baseKey":"Bfqlgfhz8NP+S1g9fQh0H5pC2qDPRQvfWzHQQWbvfUkW","baseKeyType":1,"closed":1715523314807,"used":1715523314094,"created":1715523314094,"remoteIdentityKey":"BZNWbPhlVggu5dGOgqSLj6WmZ3nv7e7yUy3I9Z4Nl6x1"},"_chains":{"Bd7G3mQtcHvhFE+Wp4g/D4VkExp8pon5bvFjHHZ/hQ04":{"chainKey":{"counter":0,"key":"guRXtSM8yjLYaBuquB2sIbREKrI/ZwPR+lZZMfYuUa8="},"chainType":1,"messageKeys":{}}},"pendingPreKey":{"signedKeyId":4,"baseKey":"Bfqlgfhz8NP+S1g9fQh0H5pC2qDPRQvfWzHQQWbvfUkW","preKeyId":8784775}},"BQHyV1s2Bu0Gbr89XgjA4FWDEXFTDDn4mjhqU4GFBNsH":{"registrationId":1131106044,"currentRatchet":{"ephemeralKeyPair":{"pubKey":"BXYH/a5gnuIbVdOLhcQFqZIwEhZtzlf274OZRsMUxX48","privKey":"GMBujmOq8bXzeIs+pGp6D/MWDr4tsw0gTG4t0Rw1OWw="},"lastRemoteEphemeralKey":"BV/ZEX/JfGgA9JpHaVciwJw1AqvqYCaiipMt1lg1DNI/","previousCounter":0,"rootKey":"1bF4ICbrPJ9CLdw3/XDDIH8ZeEW/2narBFetd5AT1x8="},"indexInfo":{"baseKey":"BQHyV1s2Bu0Gbr89XgjA4FWDEXFTDDn4mjhqU4GFBNsH","baseKeyType":1,"closed":-1,"used":1715523314755,"created":1715523314755,"remoteIdentityKey":"BZNWbPhlVggu5dGOgqSLj6WmZ3nv7e7yUy3I9Z4Nl6x1"},"_chains":{"BXYH/a5gnuIbVdOLhcQFqZIwEhZtzlf274OZRsMUxX48":{"chainKey":{"counter":0,"key":"5HSCbsy6Tv9EQuKTlnSKoYHp1B45f5ieuyzJ8HoM2bI="},"chainType":1,"messageKeys":{}}},"pendingPreKey":{"signedKeyId":4,"baseKey":"BQHyV1s2Bu0Gbr89XgjA4FWDEXFTDDn4mjhqU4GFBNsH","preKeyId":8784915}}},"version":"v1"}