{"_sessions":{"BfmjdnO6UyTrbXntzq28oZxuYXFeQ5q/NFDTicoZPhta":{"registrationId":52510284,"currentRatchet":{"ephemeralKeyPair":{"pubKey":"BSK6zsjqrTENIDvFJpHakPzWJayUftCSn+QpYXE8AgFZ","privKey":"qDPSuSc4zmnhxh40acI9DxfZn/OCGVs4fJbX/sHSM2Q="},"lastRemoteEphemeralKey":"BbbzJioDfAKgyJzJMQsTUve4Rh8cZXpCgIVf1PFnGV5G","previousCounter":0,"rootKey":"NAD2dk6eOkOaZH9MvgFFAeZocZbO72lEr518E2dUylg="},"indexInfo":{"baseKey":"BfmjdnO6UyTrbXntzq28oZxuYXFeQ5q/NFDTicoZPhta","baseKeyType":1,"closed":1715523314802,"used":1715523313981,"created":1715523313981,"remoteIdentityKey":"BQPhUniPCk32RgKOobwvQFDpWjOxVmuSQ04YAKsiWPgX"},"_chains":{"BSK6zsjqrTENIDvFJpHakPzWJayUftCSn+QpYXE8AgFZ":{"chainKey":{"counter":0,"key":"Mv21GAFU2krX8pAEHL778/onniZU9UcH4JwsU940648="},"chainType":1,"messageKeys":{}}},"pendingPreKey":{"signedKeyId":4,"baseKey":"BfmjdnO6UyTrbXntzq28oZxuYXFeQ5q/NFDTicoZPhta","preKeyId":10933702}},"BWf2HvbgAQdPkpkjBvQy0SYbrVW5QqZIo0EWxUYgr6NB":{"registrationId":52510284,"currentRatchet":{"ephemeralKeyPair":{"pubKey":"BQFSLO9Y7HXPwaaUnK8WsYuQBJC29MVb6zu8QqO91wRP","privKey":"MLWN5yxCl3Cmz7e6eB9TN38y7kvcM/eZT0lZkzCiUm0="},"lastRemoteEphemeralKey":"BbbzJioDfAKgyJzJMQsTUve4Rh8cZXpCgIVf1PFnGV5G","previousCounter":0,"rootKey":"LN62eZzGMOsuakRD3V9EGheEolNTRZvY5Tk+sR6tJnA="},"indexInfo":{"baseKey":"BWf2HvbgAQdPkpkjBvQy0SYbrVW5QqZIo0EWxUYgr6NB","baseKeyType":1,"closed":-1,"used":1715523314673,"created":1715523314673,"remoteIdentityKey":"BQPhUniPCk32RgKOobwvQFDpWjOxVmuSQ04YAKsiWPgX"},"_chains":{"BQFSLO9Y7HXPwaaUnK8WsYuQBJC29MVb6zu8QqO91wRP":{"chainKey":{"counter":0,"key":"B8L50Kwt8cBYxEIWfWlBEtsGzq9C/7ljNf4aY91mMdk="},"chainType":1,"messageKeys":{}}},"pendingPreKey":{"signedKeyId":4,"baseKey":"BWf2HvbgAQdPkpkjBvQy0SYbrVW5QqZIo0EWxUYgr6NB","preKeyId":10934417}}},"version":"v1"}