{"_sessions":{"BcWThomxso/1cJQzavFxY2ijFBNbsZ35B81N42flExgY":{"registrationId":330194632,"currentRatchet":{"ephemeralKeyPair":{"pubKey":"BUEXXX16qGJyOuar1RTOn0OVMb3T2bH1z2kMB2k2WW0a","privKey":"WOz/KW9O6yhkSn/Ix1DrvSBKvD3cE7Uh6C+LeePAzmY="},"lastRemoteEphemeralKey":"BUiz+qEZ6X9Yauc5ukJAlkMjirnanVJFDV4k2HgdIag7","previousCounter":1,"rootKey":"TGlUMvGNi9mTvYizjEmQvfvMFMmL6SEz8UBBOYQe73k="},"indexInfo":{"baseKey":"BcWThomxso/1cJQzavFxY2ijFBNbsZ35B81N42flExgY","baseKeyType":2,"closed":-1,"used":1715523350784,"created":1715523287005,"remoteIdentityKey":"BaVUfr/tL2m8BUQ3UIh/PobQ/BRc+enQRMD249agRXpS"},"_chains":{"BT999Hih8ze9MpIL7sYxNYHq2p+ITE4tAgHUpgqV2zIP":{"chainKey":{"counter":6},"chainType":2,"messageKeys":{}},"BUiz+qEZ6X9Yauc5ukJAlkMjirnanVJFDV4k2HgdIag7":{"chainKey":{"counter":1,"key":"NKLnCe23RM7a3kOPTa6Gepn6IMpnd66RdKY8+XWG8YE="},"chainType":2,"messageKeys":{}},"BUEXXX16qGJyOuar1RTOn0OVMb3T2bH1z2kMB2k2WW0a":{"chainKey":{"counter":-1,"key":"+/fjJD66BXuAHIHq8/xogYCLuP0CSUT9ISUgWEHiSwc="},"chainType":1,"messageKeys":{}}}}},"version":"v1"}