{"_sessions":{"BTtkBHqjGGaHy4/xWpiLhukQPufo+Cl80w0WFT4A1g8H":{"registrationId":629549398,"currentRatchet":{"ephemeralKeyPair":{"pubKey":"BTjCkGIQM02QDzseJaqNB8AAFVG5A5GW+wCAUqev2wZ8","privKey":"mPR5OUNXYpQitgvL+tW/wOTt7XGSw8GHLoee6adExlY="},"lastRemoteEphemeralKey":"BTCPdZaYKqkri6x84PMIPMqr1TtqXvdaKClwK6zyYqAv","previousCounter":0,"rootKey":"IXAPSnT12V8C/ycZRiook5jlXXlDtgMJdPIjfJwz548="},"indexInfo":{"baseKey":"BTtkBHqjGGaHy4/xWpiLhukQPufo+Cl80w0WFT4A1g8H","baseKeyType":1,"closed":1715523314803,"used":1715523314002,"created":1715523314002,"remoteIdentityKey":"BRd4jaKkbZUHFFyP2QoHq1ZM+UQu7lH8W+2oZlktc+UX"},"_chains":{"BTjCkGIQM02QDzseJaqNB8AAFVG5A5GW+wCAUqev2wZ8":{"chainKey":{"counter":0,"key":"nwsIoiCWd0q5rF+72nLtfeX8qyOYcDGuheFrLOe5U4Q="},"chainType":1,"messageKeys":{}}},"pendingPreKey":{"signedKeyId":3,"baseKey":"BTtkBHqjGGaHy4/xWpiLhukQPufo+Cl80w0WFT4A1g8H","preKeyId":5920105}},"BWJF8LlhkkbIpTQEvLFXBX12isxO4HiG3+xMGdaVecwU":{"registrationId":629549398,"currentRatchet":{"ephemeralKeyPair":{"pubKey":"Bb1mHBqz3RtWAca7ZjpoQ298lzvDFeRruRuW95oiNc40","privKey":"cHtM7xzDvDAPX/jOMp39MB0BfZngbyWliH8Ke7XATG8="},"lastRemoteEphemeralKey":"BTCPdZaYKqkri6x84PMIPMqr1TtqXvdaKClwK6zyYqAv","previousCounter":0,"rootKey":"3jx5b2UrN70c4n9KsoICxTpDVsun7hbiprOMGi5YJrY="},"indexInfo":{"baseKey":"BWJF8LlhkkbIpTQEvLFXBX12isxO4HiG3+xMGdaVecwU","baseKeyType":1,"closed":-1,"used":1715523314689,"created":1715523314689,"remoteIdentityKey":"BRd4jaKkbZUHFFyP2QoHq1ZM+UQu7lH8W+2oZlktc+UX"},"_chains":{"Bb1mHBqz3RtWAca7ZjpoQ298lzvDFeRruRuW95oiNc40":{"chainKey":{"counter":0,"key":"I5zkALdJzjcpOU5j7vmIaoUd8q8ZgSEPWCrGfjQo2W4="},"chainType":1,"messageKeys":{}}},"pendingPreKey":{"signedKeyId":3,"baseKey":"BWJF8LlhkkbIpTQEvLFXBX12isxO4HiG3+xMGdaVecwU","preKeyId":5920530}}},"version":"v1"}