{"_sessions":{"BbY6M/I1Imn9dd8keLVDIgX+FxxLQE0EicNZCcWuIrZA":{"registrationId":452882182,"currentRatchet":{"ephemeralKeyPair":{"pubKey":"BZAH+Yx5Ac/U9d1qNbNem8hXZx8InkHD79kHGqo5TI0m","privKey":"kI8tuRDu6XjtWhTs5qoHaF+q5HPDz4g5W76s01KokE0="},"lastRemoteEphemeralKey":"BYpMdHrisMwUqLY9/MF/Lk2OqygT2gPYRB8uQ1BuIF51","previousCounter":0,"rootKey":"7LAnq8nMCl3KZLcwu8U2r16rhGdbFPXkmJciOtfcRWU="},"indexInfo":{"baseKey":"BbY6M/I1Imn9dd8keLVDIgX+FxxLQE0EicNZCcWuIrZA","baseKeyType":1,"closed":1715523314806,"used":1715523314089,"created":1715523314089,"remoteIdentityKey":"BaEy0R3r2YIi5fe3JQ3a3Y/7khx4hcTLzW62AdlUsvMm"},"_chains":{"BZAH+Yx5Ac/U9d1qNbNem8hXZx8InkHD79kHGqo5TI0m":{"chainKey":{"counter":0,"key":"AKdgw+nDsSjRwDT5WtAcye1NIBRUfHIQGm4h3muI9bA="},"chainType":1,"messageKeys":{}}},"pendingPreKey":{"signedKeyId":0,"baseKey":"BbY6M/I1Imn9dd8keLVDIgX+FxxLQE0EicNZCcWuIrZA","preKeyId":4941833}},"BboYDOJqYQmsr1V9GcRRbnneWf+ynvs8y1w+2JyKUuIT":{"registrationId":452882182,"currentRatchet":{"ephemeralKeyPair":{"pubKey":"BfeXHIMvRuj3bGJ9O3OKBgwFF9pqZFkQEE+QPY5cagYZ","privKey":"qDgUB1TMhHeB1/VRA5ZZoUEcD1jbYHcZBbxDMcTSNXY="},"lastRemoteEphemeralKey":"BYpMdHrisMwUqLY9/MF/Lk2OqygT2gPYRB8uQ1BuIF51","previousCounter":0,"rootKey":"HD3qJ2/3148xRtkSdjoRQZPL1BpeTO1a43vMbbTicjE="},"indexInfo":{"baseKey":"BboYDOJqYQmsr1V9GcRRbnneWf+ynvs8y1w+2JyKUuIT","baseKeyType":1,"closed":-1,"used":1715523314752,"created":1715523314752,"remoteIdentityKey":"BaEy0R3r2YIi5fe3JQ3a3Y/7khx4hcTLzW62AdlUsvMm"},"_chains":{"BfeXHIMvRuj3bGJ9O3OKBgwFF9pqZFkQEE+QPY5cagYZ":{"chainKey":{"counter":0,"key":"PIZPscSyjyKOXLiu0TIAB132rS/nWygcgteh5vpPI5s="},"chainType":1,"messageKeys":{}}},"pendingPreKey":{"signedKeyId":0,"baseKey":"BboYDOJqYQmsr1V9GcRRbnneWf+ynvs8y1w+2JyKUuIT","preKeyId":4941907}}},"version":"v1"}