{"_sessions":{"BXcqLEtzIANlORW5ZEvv4uHTeoCb2R/PjxhZrp7zdeIN":{"registrationId":1858,"currentRatchet":{"ephemeralKeyPair":{"pubKey":"BarJdCJdDaEIehP/t9v867WebCZQtXw/xWNa0+TIulM8","privKey":"4LXxXwqYJ1vn9okrwS5ucKn8YnLeGv5h6bfL8KhS83w="},"lastRemoteEphemeralKey":"BRhoaUK/2SuUjSmA3hPmZmwzqsNh9TP1ZNjyHbN8XCwq","previousCounter":0,"rootKey":"SPj0t/LaX6vLBWRwtjCgFtorXxGXAOIaBcS5kRs8rZg="},"indexInfo":{"baseKey":"BXcqLEtzIANlORW5ZEvv4uHTeoCb2R/PjxhZrp7zdeIN","baseKeyType":1,"closed":1715523314799,"used":1715523313908,"created":1715523313908,"remoteIdentityKey":"Bcx31GKSygYCd36HdVUZmOOorcvyeSupeciWvKx4ol5k"},"_chains":{"BarJdCJdDaEIehP/t9v867WebCZQtXw/xWNa0+TIulM8":{"chainKey":{"counter":0,"key":"hFzuVF9gYgBBTFf4q1vNOn4NP9dCsdnEU2APzPbK7ok="},"chainType":1,"messageKeys":{}}},"pendingPreKey":{"signedKeyId":1,"baseKey":"BXcqLEtzIANlORW5ZEvv4uHTeoCb2R/PjxhZrp7zdeIN"}},"BTui4uHbzAOAW+jVL/J112U6h1dtjZnJqEoL4aGqlOF7":{"registrationId":1858,"currentRatchet":{"ephemeralKeyPair":{"pubKey":"BeGySBQJeWSAHe67FOD0qwP14GVEhEyWQ3Dn/B6LVKRz","privKey":"aNTOILWPB4AhOYLwz73J8d4EFS+2CHIB9Lz+xM3vwkA="},"lastRemoteEphemeralKey":"BRhoaUK/2SuUjSmA3hPmZmwzqsNh9TP1ZNjyHbN8XCwq","previousCounter":0,"rootKey":"Znx3OG4NAz6G9VD5mehJoiAPKju06m54kk7wPOnelSk="},"indexInfo":{"baseKey":"BTui4uHbzAOAW+jVL/J112U6h1dtjZnJqEoL4aGqlOF7","baseKeyType":1,"closed":-1,"used":1715523314618,"created":1715523314618,"remoteIdentityKey":"Bcx31GKSygYCd36HdVUZmOOorcvyeSupeciWvKx4ol5k"},"_chains":{"BeGySBQJeWSAHe67FOD0qwP14GVEhEyWQ3Dn/B6LVKRz":{"chainKey":{"counter":0,"key":"ctbISzW22XOisCQ1Ip+AYOrjwWXy2IZzQVBGFLTc4xM="},"chainType":1,"messageKeys":{}}},"pendingPreKey":{"signedKeyId":1,"baseKey":"BTui4uHbzAOAW+jVL/J112U6h1dtjZnJqEoL4aGqlOF7"}}},"version":"v1"}