{"_sessions":{"BaCbDhTMAQFDn3T0U6BbOBkV08EyjADLNiX2NDY6c7YE":{"registrationId":2036196529,"currentRatchet":{"ephemeralKeyPair":{"pubKey":"BQMRqlcagnySABoDlsBqC4lfRRi7G/qNuXdZ6FhPEcMQ","privKey":"WN3pU/63lAkuPhoefLjMN5jnNaOtA8oiJ8JXbvWrX28="},"lastRemoteEphemeralKey":"BTDXibVrFWDSJ4hGxjKQlg3FDHhiPjkKkbtMB9hXiaoM","previousCounter":0,"rootKey":"RDJ4sOJzSZR1XdQk+ed84HcQtMcRPB3ALK7xOiJuSro="},"indexInfo":{"baseKey":"BaCbDhTMAQFDn3T0U6BbOBkV08EyjADLNiX2NDY6c7YE","baseKeyType":1,"closed":1715523314804,"used":1715523314025,"created":1715523314025,"remoteIdentityKey":"BVEwVKDm5A6NH3+LCE+0x6kOxNX2X5X3bZKBlJC+85FX"},"_chains":{"BQMRqlcagnySABoDlsBqC4lfRRi7G/qNuXdZ6FhPEcMQ":{"chainKey":{"counter":0,"key":"NPjoL7U2WmmN/mNYAbqB5kiJyoP38kSlRyq+J5uD+8U="},"chainType":1,"messageKeys":{}}},"pendingPreKey":{"signedKeyId":1,"baseKey":"BaCbDhTMAQFDn3T0U6BbOBkV08EyjADLNiX2NDY6c7YE","preKeyId":9619550}},"Bazd9uyL5F0euurC+oEDD2oJek4cWVzIzMBn3t51+1t7":{"registrationId":2036196529,"currentRatchet":{"ephemeralKeyPair":{"pubKey":"BV+J6rNL90qn3MbH99p8TDwPET/3zgG7zqRmi7sXwW5A","privKey":"QOka8Rm3ZqZMKGVGwxBzHsF4cAkkPEI0tx+teKdiRWo="},"lastRemoteEphemeralKey":"BTDXibVrFWDSJ4hGxjKQlg3FDHhiPjkKkbtMB9hXiaoM","previousCounter":0,"rootKey":"KxIvAEe47hqfjJeFLDVG/pIxNagg+4adzvlv9JyJEaI="},"indexInfo":{"baseKey":"Bazd9uyL5F0euurC+oEDD2oJek4cWVzIzMBn3t51+1t7","baseKeyType":1,"closed":-1,"used":1715523314708,"created":1715523314708,"remoteIdentityKey":"BVEwVKDm5A6NH3+LCE+0x6kOxNX2X5X3bZKBlJC+85FX"},"_chains":{"BV+J6rNL90qn3MbH99p8TDwPET/3zgG7zqRmi7sXwW5A":{"chainKey":{"counter":0,"key":"aA1M9hHm7JvaIlYOZKJ1C+z2CD5rNK/fYmFtTJtICLU="},"chainType":1,"messageKeys":{}}},"pendingPreKey":{"signedKeyId":1,"baseKey":"Bazd9uyL5F0euurC+oEDD2oJek4cWVzIzMBn3t51+1t7","preKeyId":9619716}}},"version":"v1"}