{"_sessions":{"BeOSNGLCJ3XiblY/PnbAKbfzaNDW/+2GyEgQt1Tc75Z7":{"registrationId":914893777,"currentRatchet":{"ephemeralKeyPair":{"pubKey":"BfMAQEWYxdE1DgP4Wn5kBqmKmYLrlTjGv+vVPAwlaRl9","privKey":"ANXW+bqgjkc4KvYBi9Ip1P6uAdjqpwU035wHmmOA2Gc="},"lastRemoteEphemeralKey":"BVNVOO9g3PvlKtDoZk9ZQoHu1w1lBsPPCi9MfrnTx2Es","previousCounter":0,"rootKey":"y1B6s4WpauIb2kH5ewkhPGdXkO1Yg7xlbxiikv3/Mw0="},"indexInfo":{"baseKey":"BeOSNGLCJ3XiblY/PnbAKbfzaNDW/+2GyEgQt1Tc75Z7","baseKeyType":1,"closed":1715523314802,"used":1715523313990,"created":1715523313990,"remoteIdentityKey":"BYSO4jMaGiPR8c6WObyPm8Ig6LZMGkuNWsDUgpkeoq0N"},"_chains":{"BfMAQEWYxdE1DgP4Wn5kBqmKmYLrlTjGv+vVPAwlaRl9":{"chainKey":{"counter":0,"key":"pQa4wS5xBiyBw+ZRcI+tq4lWZiY2FondZ92L0tXQj60="},"chainType":1,"messageKeys":{}}},"pendingPreKey":{"signedKeyId":1,"baseKey":"BeOSNGLCJ3XiblY/PnbAKbfzaNDW/+2GyEgQt1Tc75Z7","preKeyId":15164736}},"Baie24eaF4rbrEnIXvDDGrjrlbFy5IIcdTxvzTU8yXsE":{"registrationId":914893777,"currentRatchet":{"ephemeralKeyPair":{"pubKey":"BWdgRhppvZj67nLstYXrMkT6jVpMUuf+VQC4c277Th9W","privKey":"cB0xi61rBG1SkN5moXMzcjVmD/Nm7rgA5d7g32H1fXI="},"lastRemoteEphemeralKey":"BVNVOO9g3PvlKtDoZk9ZQoHu1w1lBsPPCi9MfrnTx2Es","previousCounter":0,"rootKey":"7HRLPhKUxcDmKjhUlkm59wSy//eE7OYcxU4nO78mGtc="},"indexInfo":{"baseKey":"Baie24eaF4rbrEnIXvDDGrjrlbFy5IIcdTxvzTU8yXsE","baseKeyType":1,"closed":-1,"used":1715523314680,"created":1715523314680,"remoteIdentityKey":"BYSO4jMaGiPR8c6WObyPm8Ig6LZMGkuNWsDUgpkeoq0N"},"_chains":{"BWdgRhppvZj67nLstYXrMkT6jVpMUuf+VQC4c277Th9W":{"chainKey":{"counter":0,"key":"Ft3iZhsQPPv/Vx8O/whJS7+9f3rX2mCKsuIwWk+KkmM="},"chainType":1,"messageKeys":{}}},"pendingPreKey":{"signedKeyId":1,"baseKey":"Baie24eaF4rbrEnIXvDDGrjrlbFy5IIcdTxvzTU8yXsE","preKeyId":15165392}}},"version":"v1"}