{"_sessions":{"BZYu/W/vNbT/OFBM/Jg2C0HxtGi2uY1WubluzesTFDZy":{"registrationId":949130902,"currentRatchet":{"ephemeralKeyPair":{"pubKey":"BaWrT5Xbx2J4c/tmjTTul/WJgD2dPFTjtE4Zz0fCck4B","privKey":"MCo+COww30twnt5iNXK5rWoep1zAUFrKVvY2wphoaXo="},"lastRemoteEphemeralKey":"BbWpQ8Koit9JgLeAzfOqpduEeF6xj2NxgIqPncoYKuEs","previousCounter":0,"rootKey":"xJu+DdE2AoZpGo2rSVxKeUCtnU8cx+4Ppd7DzU8xb0g="},"indexInfo":{"baseKey":"BZYu/W/vNbT/OFBM/Jg2C0HxtGi2uY1WubluzesTFDZy","baseKeyType":1,"closed":1715523314803,"used":1715523314013,"created":1715523314013,"remoteIdentityKey":"BSCaAD9rORm6dGLknts71tXNojW7pDS3pt1swsl8M8MQ"},"_chains":{"BaWrT5Xbx2J4c/tmjTTul/WJgD2dPFTjtE4Zz0fCck4B":{"chainKey":{"counter":0,"key":"BW/1iqz1qeGuX0jffCp2nUSMPjf8hfV86XTEZCFe8Yk="},"chainType":1,"messageKeys":{}}},"pendingPreKey":{"signedKeyId":3,"baseKey":"BZYu/W/vNbT/OFBM/Jg2C0HxtGi2uY1WubluzesTFDZy","preKeyId":15452069}},"BeG46QQan+2HMyCaMow2m6YIX2Nq+dLsC12NcrGi1k1Z":{"registrationId":949130902,"currentRatchet":{"ephemeralKeyPair":{"pubKey":"BeMdP4c6UqVUyQGvm1jm2HLMhUU0PJo0hEtZrmVqiMEr","privKey":"GAigwKPfByDPjFkzRXAwm0Sal6mhOV+PLTnOA5cpC3w="},"lastRemoteEphemeralKey":"BbWpQ8Koit9JgLeAzfOqpduEeF6xj2NxgIqPncoYKuEs","previousCounter":0,"rootKey":"zGjBF8CcZ+1h8543fxKK60cBvwAPyEf7h+ar1gMESv8="},"indexInfo":{"baseKey":"BeG46QQan+2HMyCaMow2m6YIX2Nq+dLsC12NcrGi1k1Z","baseKeyType":1,"closed":-1,"used":1715523314699,"created":1715523314699,"remoteIdentityKey":"BSCaAD9rORm6dGLknts71tXNojW7pDS3pt1swsl8M8MQ"},"_chains":{"BeMdP4c6UqVUyQGvm1jm2HLMhUU0PJo0hEtZrmVqiMEr":{"chainKey":{"counter":0,"key":"V6hOXjAotQrYZSAOACnMcn4dfqNMY155tIiOCT+Pumk="},"chainType":1,"messageKeys":{}}},"pendingPreKey":{"signedKeyId":3,"baseKey":"BeG46QQan+2HMyCaMow2m6YIX2Nq+dLsC12NcrGi1k1Z","preKeyId":15451662}}},"version":"v1"}