{"_sessions":{"BeYQyfj5/cn/PeNQW0XMw6hIJVGLcE/wnG8Jw2CXB4wI":{"registrationId":395861123,"currentRatchet":{"ephemeralKeyPair":{"pubKey":"Bff83sfWP7AQ5wW0uaDpNnETrBq2232UNXQa8/JhgowV","privKey":"mCWBcHH+c/K5YY4v/bNQd7v1sBStZSwjEbCxtiu/ZXg="},"lastRemoteEphemeralKey":"Bel9W1S8ypoq7nzTZ0QoDImrEXOhvsiLWVnx727+NgVI","previousCounter":0,"rootKey":"h5v6tj6j9d9FLG+kOsrdMbkm4cL/9OoGaZi0Y2BUUHA="},"indexInfo":{"baseKey":"BeYQyfj5/cn/PeNQW0XMw6hIJVGLcE/wnG8Jw2CXB4wI","baseKeyType":1,"closed":1715523314808,"used":1715523314122,"created":1715523314122,"remoteIdentityKey":"BQl4V8Xc/o1Jc6E5pznoPmDDs7S55VVGgrXZU1/7wiBK"},"_chains":{"Bff83sfWP7AQ5wW0uaDpNnETrBq2232UNXQa8/JhgowV":{"chainKey":{"counter":0,"key":"IYS0h+EmhRb4H1PyVlv/Xpb6pWdND/I9q3WgP+vGq8k="},"chainType":1,"messageKeys":{}}},"pendingPreKey":{"signedKeyId":3,"baseKey":"BeYQyfj5/cn/PeNQW0XMw6hIJVGLcE/wnG8Jw2CXB4wI","preKeyId":7204964}},"BVywLnwpqowqu5CgejNeyiSGztG77I6yu/6FXqHyHeFg":{"registrationId":395861123,"currentRatchet":{"ephemeralKeyPair":{"pubKey":"BdYEMLpBtVeLNUX/FN78JGoe47nK99E75GHO6MF1d8A/","privKey":"KPrxJnuYjIqoRDzu8Qacyo1nsyhBWJkNshUw8ok/ZHs="},"lastRemoteEphemeralKey":"Bel9W1S8ypoq7nzTZ0QoDImrEXOhvsiLWVnx727+NgVI","previousCounter":0,"rootKey":"zb5ENGCa8xdZz09Wp/Xc9Ehi4h1dc5p3aboLmQsdXEg="},"indexInfo":{"baseKey":"BVywLnwpqowqu5CgejNeyiSGztG77I6yu/6FXqHyHeFg","baseKeyType":1,"closed":-1,"used":1715523314777,"created":1715523314777,"remoteIdentityKey":"BQl4V8Xc/o1Jc6E5pznoPmDDs7S55VVGgrXZU1/7wiBK"},"_chains":{"BdYEMLpBtVeLNUX/FN78JGoe47nK99E75GHO6MF1d8A/":{"chainKey":{"counter":0,"key":"0i5tTHzXMQP6K4ZqTKmfv3UHwHqNakyEbw7VQ9eeSzw="},"chainType":1,"messageKeys":{}}},"pendingPreKey":{"signedKeyId":3,"baseKey":"BVywLnwpqowqu5CgejNeyiSGztG77I6yu/6FXqHyHeFg","preKeyId":7204824}}},"version":"v1"}