{"_sessions":{"BQI80yLFPO1kR6QYkRJGzgZpaupdTr5ekukAo4AiedVU":{"registrationId":2086797980,"currentRatchet":{"ephemeralKeyPair":{"pubKey":"BakJZ9ggv5zB+0/KvH6F2XBXZ+P4vVG9ZnusLtRosDhR","privKey":"iNZAQetT+Fsbpm9LAFvvsOxrM+zfMpnujXIAwxGyA30="},"lastRemoteEphemeralKey":"BaOLt2e3KjPQka1bOwGltu+voGrL/M7+qwlAcPKNqcgH","previousCounter":0,"rootKey":"07VxX1LnuJDUZxkaPffYbAUkQXEx5Jwy2kKi3A7GwdU="},"indexInfo":{"baseKey":"BQI80yLFPO1kR6QYkRJGzgZpaupdTr5ekukAo4AiedVU","baseKeyType":1,"closed":1715523314808,"used":1715523314134,"created":1715523314134,"remoteIdentityKey":"BQL46Q0ER3To+4zZiyX6/qLuOzHyd/O8LG4WR9ZzBdUy"},"_chains":{"BakJZ9ggv5zB+0/KvH6F2XBXZ+P4vVG9ZnusLtRosDhR":{"chainKey":{"counter":0,"key":"6E9zI6cUXDLG0EDvq87xKrZYZE8zlLo8fgq4A4K+/eg="},"chainType":1,"messageKeys":{}}},"pendingPreKey":{"signedKeyId":5,"baseKey":"BQI80yLFPO1kR6QYkRJGzgZpaupdTr5ekukAo4AiedVU","preKeyId":12424620}},"BRChl0/l4s7Qz6LD4r5PNPmCU/Xjnotxt7wZqDSM18Ma":{"registrationId":2086797980,"currentRatchet":{"ephemeralKeyPair":{"pubKey":"BY0OoMJxWHOwmXcl7YV0MlYP6I6GRebsLUg7/UY0d40t","privKey":"eH95Dh44lDWW2/6pAv/RHFxsKThVC3gCzdGVGdUDmWA="},"lastRemoteEphemeralKey":"BaOLt2e3KjPQka1bOwGltu+voGrL/M7+qwlAcPKNqcgH","previousCounter":0,"rootKey":"/m44qUUYeQFLiJ+wTr1deBCjlBj/vYHVe6/ZTIaeZ+U="},"indexInfo":{"baseKey":"BRChl0/l4s7Qz6LD4r5PNPmCU/Xjnotxt7wZqDSM18Ma","baseKeyType":1,"closed":-1,"used":1715523314786,"created":1715523314786,"remoteIdentityKey":"BQL46Q0ER3To+4zZiyX6/qLuOzHyd/O8LG4WR9ZzBdUy"},"_chains":{"BY0OoMJxWHOwmXcl7YV0MlYP6I6GRebsLUg7/UY0d40t":{"chainKey":{"counter":0,"key":"ElYSTy6wf1N5bWpvwa7ZRUd5cMXXHEm5AEwGSH5iZzM="},"chainType":1,"messageKeys":{}}},"pendingPreKey":{"signedKeyId":5,"baseKey":"BRChl0/l4s7Qz6LD4r5PNPmCU/Xjnotxt7wZqDSM18Ma","preKeyId":12424338}}},"version":"v1"}