{"_sessions":{"BUtA7dKJAhJB5B+86xaLLQgKKGkxGKiR3OQv7+5ueDJt":{"registrationId":168,"currentRatchet":{"ephemeralKeyPair":{"pubKey":"BdfjQePIvLeypy5OHx78ciCV2c8PwCZFcq9wu+kJ3ogV","privKey":"yEQ7qZN5RCx/rMWhmu4F9p8DWdyKfg4bLsyI+cmcKFA="},"lastRemoteEphemeralKey":"BcnB3fon0JRFBUqcD/jKW578QveriSXPAuryoJi3VRAO","previousCounter":0,"rootKey":"5E2kfe3zj1rG+g579tr9JLFhFPRT2Dbu0yKfcRZ6HgI="},"indexInfo":{"baseKey":"BUtA7dKJAhJB5B+86xaLLQgKKGkxGKiR3OQv7+5ueDJt","baseKeyType":1,"closed":1715523314801,"used":1715523313961,"created":1715523313961,"remoteIdentityKey":"BTCP58bRSYB0xqEId9BMWbJWPcGLSZCeo0zlhWxRe3Md"},"_chains":{"BdfjQePIvLeypy5OHx78ciCV2c8PwCZFcq9wu+kJ3ogV":{"chainKey":{"counter":0,"key":"VaRFiLyKn/vdzFEynX8YCqBjYdusQYIPM/KAh2Em4Sg="},"chainType":1,"messageKeys":{}}},"pendingPreKey":{"signedKeyId":1,"baseKey":"BUtA7dKJAhJB5B+86xaLLQgKKGkxGKiR3OQv7+5ueDJt","preKeyId":129}},"Bc+x4LqWVnP4y5tLbn23WMnM5SrlNz6mk8vqDlf0h9wy":{"registrationId":168,"currentRatchet":{"ephemeralKeyPair":{"pubKey":"BRb1q0MfGV5ngMvht7Tk9APhpgxHEUPr0T/Xo9mI0xwZ","privKey":"aJM/7RCfKFa07C88hazVtO1YRRofd6PqFvdpxFxyeH8="},"lastRemoteEphemeralKey":"BdyIwZyVOzjTHy3W2HFpqI6egSgdHIqxnc+8XY6CVPdP","previousCounter":0,"rootKey":"MiWgabu0GaXld4UENLfXxjARRW7hQvt1NGimgihiLrk="},"indexInfo":{"baseKey":"Bc+x4LqWVnP4y5tLbn23WMnM5SrlNz6mk8vqDlf0h9wy","baseKeyType":1,"closed":1715523315561,"used":1715523350097,"created":1715523314658,"remoteIdentityKey":"BTCP58bRSYB0xqEId9BMWbJWPcGLSZCeo0zlhWxRe3Md"},"_chains":{"BdyIwZyVOzjTHy3W2HFpqI6egSgdHIqxnc+8XY6CVPdP":{"chainKey":{"counter":0,"key":"4ong1ti349FGgFAoE8wrrjXHGVjqSx33Ci0COHhllpw="},"chainType":2,"messageKeys":{}},"BRb1q0MfGV5ngMvht7Tk9APhpgxHEUPr0T/Xo9mI0xwZ":{"chainKey":{"counter":-1,"key":"dLUDdbQWd6/FmUFy3fBhtIfTd8Wdcax39ePBd/tP1oc="},"chainType":1,"messageKeys":{}}}},"BQT5Fm3SnYvL/Z7ClYjDfPpob0NO4JtqMPQ0Q0w6uWA8":{"registrationId":168,"currentRatchet":{"ephemeralKeyPair":{"pubKey":"Bcglrvz/U7S6vY8CGOqZxTnQiPnYRlaAfxjChYWCFzka","privKey":"mAluXr/XpkZ0otLbb8Ke1IGLDldpoUC/AFYA/0PVrlI="},"lastRemoteEphemeralKey":"BdyIwZyVOzjTHy3W2HFpqI6egSgdHIqxnc+8XY6CVPdP","previousCounter":-1,"rootKey":"9txLy+oD9g3M5WGdlziDoAQznpA5dhhb7BaoohA+ssw="},"indexInfo":{"baseKey":"BQT5Fm3SnYvL/Z7ClYjDfPpob0NO4JtqMPQ0Q0w6uWA8","baseKeyType":1,"closed":-1,"used":1715523315560,"created":1715523315560,"remoteIdentityKey":"BTCP58bRSYB0xqEId9BMWbJWPcGLSZCeo0zlhWxRe3Md"},"_chains":{"BdyIwZyVOzjTHy3W2HFpqI6egSgdHIqxnc+8XY6CVPdP":{"chainKey":{"counter":0,"key":"KlosOnP6yGzbOOvI5HkgcJbQK6vSkho4hNdHL7g7/z0="},"chainType":2,"messageKeys":{}},"Bcglrvz/U7S6vY8CGOqZxTnQiPnYRlaAfxjChYWCFzka":{"chainKey":{"counter":-1,"key":"ciCikUfYBVMgmn1g0iPPipxXGXVhGk8EVnRNkuM9vBs="},"chainType":1,"messageKeys":{}}},"pendingPreKey":{"signedKeyId":1,"baseKey":"BQT5Fm3SnYvL/Z7ClYjDfPpob0NO4JtqMPQ0Q0w6uWA8","preKeyId":116}}},"version":"v1"}