{"_sessions":{"BZxzV+kEejW9EJfZyi9qWMjyDoK7Cuer9ZXZ8msThCNi":{"registrationId":578896361,"currentRatchet":{"ephemeralKeyPair":{"pubKey":"BbfoHrRnoKepHIadjUe/bvNl72HwqTtXS7YPjOpYfgIg","privKey":"qBbWTy3xhodKENAXQI2u7OybdFTuhrbHONHwbshLsEc="},"lastRemoteEphemeralKey":"BTj1raQRSlPYoyD4gq/DQ+6dAUGFarqLE5jWuFJX9kQz","previousCounter":0,"rootKey":"Uz+2EmPCMcGN43MjvCyj+VnksBOpxT0V/YxVJrVwBac="},"indexInfo":{"baseKey":"BZxzV+kEejW9EJfZyi9qWMjyDoK7Cuer9ZXZ8msThCNi","baseKeyType":1,"closed":1715523314804,"used":1715523314030,"created":1715523314030,"remoteIdentityKey":"BcOWKyhSrLBY44TvfbhdjB2hAFhg/0uYxsk1fDCLm343"},"_chains":{"BbfoHrRnoKepHIadjUe/bvNl72HwqTtXS7YPjOpYfgIg":{"chainKey":{"counter":0,"key":"USULeZfrXfORDf0ddSXG4POBtUGFuN1DgqqWWsxROMM="},"chainType":1,"messageKeys":{}}},"pendingPreKey":{"signedKeyId":1,"baseKey":"BZxzV+kEejW9EJfZyi9qWMjyDoK7Cuer9ZXZ8msThCNi","preKeyId":3254614}},"Bft0gJaUjN+OrKS3yuoAvft3kT9nW+HuEKWFTPiv9Ic4":{"registrationId":578896361,"currentRatchet":{"ephemeralKeyPair":{"pubKey":"BTbdv5Tjiv/jFr7ekl8+fmVE7ERBGfEbxFn2OnejhGNf","privKey":"MNHE+oCcly0Jp6WAejqFHJsUg3sTU6rA9IUEDJrxJF8="},"lastRemoteEphemeralKey":"BTj1raQRSlPYoyD4gq/DQ+6dAUGFarqLE5jWuFJX9kQz","previousCounter":0,"rootKey":"5NbEHq6ch9zGflSvSk3lHELUMBSrKN3WbgX/YOo7TY8="},"indexInfo":{"baseKey":"Bft0gJaUjN+OrKS3yuoAvft3kT9nW+HuEKWFTPiv9Ic4","baseKeyType":1,"closed":-1,"used":1715523314711,"created":1715523314711,"remoteIdentityKey":"BcOWKyhSrLBY44TvfbhdjB2hAFhg/0uYxsk1fDCLm343"},"_chains":{"BTbdv5Tjiv/jFr7ekl8+fmVE7ERBGfEbxFn2OnejhGNf":{"chainKey":{"counter":0,"key":"UhPT61ht03syS1wb3IvCGyeAV7ZbPgKD/Dycb4Y20uc="},"chainType":1,"messageKeys":{}}},"pendingPreKey":{"signedKeyId":1,"baseKey":"Bft0gJaUjN+OrKS3yuoAvft3kT9nW+HuEKWFTPiv9Ic4","preKeyId":3253914}}},"version":"v1"}