{"_sessions":{"BeUva1YRWpTS/PlqUzyyurm1fhsUepRVoMlh8ezLqKhI":{"registrationId":14030,"currentRatchet":{"ephemeralKeyPair":{"pubKey":"BaHVTogR2GtHrt0Skyr3rM85Ezkg2GWkX+ONnh6+o988","privKey":"ANcmX533kpWw04oMkpxvqhoIRRDr0PcIfW6W0omMJmE="},"lastRemoteEphemeralKey":"BbQz+ZiP7BAta87Z0otlzUZKTQCERHPV/Z4Sn1atlws1","previousCounter":0,"rootKey":"DXbw0ho4x6BOHxvnkB6wM1wf7I7w9MLTqgglupU6ZUc="},"indexInfo":{"baseKey":"BeUva1YRWpTS/PlqUzyyurm1fhsUepRVoMlh8ezLqKhI","baseKeyType":1,"closed":1715523314799,"used":1715523313911,"created":1715523313911,"remoteIdentityKey":"BdsnAPoCol3C0GhUvUkb/0EA/juLW8OFdvmwc3kBgG1q"},"_chains":{"BaHVTogR2GtHrt0Skyr3rM85Ezkg2GWkX+ONnh6+o988":{"chainKey":{"counter":0,"key":"m0SmZ1LzWT5G0+1hyu+tUglhZufMjfcqj9ckRRyLoCw="},"chainType":1,"messageKeys":{}}},"pendingPreKey":{"signedKeyId":1,"baseKey":"BeUva1YRWpTS/PlqUzyyurm1fhsUepRVoMlh8ezLqKhI"}},"BY3gWxUv+YtKiXHCXbKMzuVfcCHeRtckLJojxdBK8RdB":{"registrationId":14030,"currentRatchet":{"ephemeralKeyPair":{"pubKey":"BV5VAdbJugJ/522mTSGltdx0gHS1OTTXr35h9Xt05uwD","privKey":"CLFgJhsXaWBNkdZY8/8XyxIz3TqeRdSosRKFaM7nA1E="},"lastRemoteEphemeralKey":"BbQz+ZiP7BAta87Z0otlzUZKTQCERHPV/Z4Sn1atlws1","previousCounter":0,"rootKey":"kmYty0Hm6xJbqEoga4E4ojzFmxXC0mPZ6VXt9UFqQA4="},"indexInfo":{"baseKey":"BY3gWxUv+YtKiXHCXbKMzuVfcCHeRtckLJojxdBK8RdB","baseKeyType":1,"closed":-1,"used":1715523314620,"created":1715523314620,"remoteIdentityKey":"BdsnAPoCol3C0GhUvUkb/0EA/juLW8OFdvmwc3kBgG1q"},"_chains":{"BV5VAdbJugJ/522mTSGltdx0gHS1OTTXr35h9Xt05uwD":{"chainKey":{"counter":0,"key":"bd/NyWhygSOhbIQ+Ty1Y7ThVH9KjWflXGoew7dYIp3w="},"chainType":1,"messageKeys":{}}},"pendingPreKey":{"signedKeyId":1,"baseKey":"BY3gWxUv+YtKiXHCXbKMzuVfcCHeRtckLJojxdBK8RdB"}}},"version":"v1"}