{"_sessions":{"BeQQ2LwSIWWwr1SCs75z3yx0rbCottEYLNxjo3fKLdtr":{"registrationId":4612,"currentRatchet":{"ephemeralKeyPair":{"pubKey":"BUfwSO8G3eJrHOnQvk1efibtUgecIks1RGx4F/BxsN8S","privKey":"sCD7n6ZJtvSq5TV3D4tdcblzzw8+yR7clItops1O/kk="},"lastRemoteEphemeralKey":"BYCfCygI9YZch+uXlJRM6i+FoiIdQaDFw0coFGj3ULN0","previousCounter":0,"rootKey":"gDFcabcFdP9B+k7nM3oZQRRh3nFrQr8uZMjMthhjBWc="},"indexInfo":{"baseKey":"BeQQ2LwSIWWwr1SCs75z3yx0rbCottEYLNxjo3fKLdtr","baseKeyType":1,"closed":1715523314800,"used":1715523313953,"created":1715523313953,"remoteIdentityKey":"BVHXPPyqx1I0CIBifto+e6IPGFNP444fBGsk4ZLI/RsN"},"_chains":{"BUfwSO8G3eJrHOnQvk1efibtUgecIks1RGx4F/BxsN8S":{"chainKey":{"counter":0,"key":"/5dqLvdk9Av+oyqrzfp/zCOFk298etcxxqogNd7b5Ow="},"chainType":1,"messageKeys":{}}},"pendingPreKey":{"signedKeyId":1,"baseKey":"BeQQ2LwSIWWwr1SCs75z3yx0rbCottEYLNxjo3fKLdtr","preKeyId":1988}},"BbwAg3B3PVE/r9VakUXdeW9SRKq2VXqST32z/n0Xq6lp":{"registrationId":4612,"currentRatchet":{"ephemeralKeyPair":{"pubKey":"BbVax/qbUu6GH09xrWqFjugZsM06qK/n2HN+w7ov+/Rd","privKey":"gOTVt2Y3WolbbAo5JSwUPK2mX47RxckC4fBJMPBwgVM="},"lastRemoteEphemeralKey":"BYCfCygI9YZch+uXlJRM6i+FoiIdQaDFw0coFGj3ULN0","previousCounter":0,"rootKey":"iCYZJpbzprBWHTRFxjpxS1F9N1ynOZwNTSU1/vDUoGk="},"indexInfo":{"baseKey":"BbwAg3B3PVE/r9VakUXdeW9SRKq2VXqST32z/n0Xq6lp","baseKeyType":1,"closed":-1,"used":1715523314652,"created":1715523314652,"remoteIdentityKey":"BVHXPPyqx1I0CIBifto+e6IPGFNP444fBGsk4ZLI/RsN"},"_chains":{"BbVax/qbUu6GH09xrWqFjugZsM06qK/n2HN+w7ov+/Rd":{"chainKey":{"counter":0,"key":"Mx5Z/wAoVmVzPR5Ey56/g0PcBigxprhIVZW8WshftW0="},"chainType":1,"messageKeys":{}}},"pendingPreKey":{"signedKeyId":1,"baseKey":"BbwAg3B3PVE/r9VakUXdeW9SRKq2VXqST32z/n0Xq6lp","preKeyId":1959}}},"version":"v1"}