{"_sessions":{"BZEcIQEgSGQno+VbOUuQJ7BxRt/LNJyc0i5ZViuEsUET":{"registrationId":68446709,"currentRatchet":{"ephemeralKeyPair":{"pubKey":"BSB1GgUJK9YtXK6GifZohQUy3/s9vmQ+o7YAJVBcN7NK","privKey":"APUmAI/OW4Kfdo58q1FU0TG9MBpWGviDRUclmZp2PHk="},"lastRemoteEphemeralKey":"Bc0jT3Te6KcOq83l6T1kkXUXLBHutPmuV+mFZj7NudBG","previousCounter":0,"rootKey":"gj8f7BaQlgbsFukNYmhiZb9f8FYk/8025pyAVgGkl5E="},"indexInfo":{"baseKey":"BZEcIQEgSGQno+VbOUuQJ7BxRt/LNJyc0i5ZViuEsUET","baseKeyType":1,"closed":1715523314806,"used":1715523314075,"created":1715523314075,"remoteIdentityKey":"BQLm1k6m7I5prgGBNnv7H1Q2AKOFOHeLIsFDbiBuNA1f"},"_chains":{"BSB1GgUJK9YtXK6GifZohQUy3/s9vmQ+o7YAJVBcN7NK":{"chainKey":{"counter":0,"key":"DE8tp1R+y7neKWVqHoAbA62zt3kpvKpBy9MrHQB6pgM="},"chainType":1,"messageKeys":{}}},"pendingPreKey":{"signedKeyId":2,"baseKey":"BZEcIQEgSGQno+VbOUuQJ7BxRt/LNJyc0i5ZViuEsUET","preKeyId":9943938}},"BXv5mJnB44SA6OUvN/thrF/t8LORRP/i8YTuW8mxD45h":{"registrationId":68446709,"currentRatchet":{"ephemeralKeyPair":{"pubKey":"BS5UUPFvyOzB/6UUu1q6drXzSrGXcbW10OC5lhj69fxu","privKey":"cKmuH0nYuk8+f3EvyFE6Avut8n2kRBJmKUbwmuI3RnA="},"lastRemoteEphemeralKey":"Bc0jT3Te6KcOq83l6T1kkXUXLBHutPmuV+mFZj7NudBG","previousCounter":0,"rootKey":"52WnZbPniYPUcvqwqsHR+4zhHCVXfuzFfaLBf0p1L5c="},"indexInfo":{"baseKey":"BXv5mJnB44SA6OUvN/thrF/t8LORRP/i8YTuW8mxD45h","baseKeyType":1,"closed":-1,"used":1715523314742,"created":1715523314742,"remoteIdentityKey":"BQLm1k6m7I5prgGBNnv7H1Q2AKOFOHeLIsFDbiBuNA1f"},"_chains":{"BS5UUPFvyOzB/6UUu1q6drXzSrGXcbW10OC5lhj69fxu":{"chainKey":{"counter":0,"key":"2MoCkmctXz3eoY6bhGFt7bfK5Ul0K9ROE3c5bvpTh7Q="},"chainType":1,"messageKeys":{}}},"pendingPreKey":{"signedKeyId":2,"baseKey":"BXv5mJnB44SA6OUvN/thrF/t8LORRP/i8YTuW8mxD45h","preKeyId":9943765}}},"version":"v1"}