{"_sessions":{"BTleRJVL3lywdkL4u6blzzIc0EuEtpv7r95TyqoOTi5X":{"registrationId":455764836,"currentRatchet":{"ephemeralKeyPair":{"pubKey":"BQhqjUT/bSAIwzJzb4gHN0Flj0ck6hb5Mo9jKes1slVk","privKey":"+ClqJx+LURGzcEeRrwRZ0No5p85EijQp/DQ39Jdi+kk="},"lastRemoteEphemeralKey":"BVxnWOdNcJFvjrAslhTC74iILl3pskBAX07AEkiimioK","previousCounter":0,"rootKey":"kt/9s7yWnOIa1dh/3seLal3FK/3+5ZIRGT8euFqKx+U="},"indexInfo":{"baseKey":"BTleRJVL3lywdkL4u6blzzIc0EuEtpv7r95TyqoOTi5X","baseKeyType":1,"closed":1715523314804,"used":1715523314039,"created":1715523314039,"remoteIdentityKey":"BRXXC/TUjKN8AhFfwr/jOay7k4j41oX61o8VpU9DhfUY"},"_chains":{"BQhqjUT/bSAIwzJzb4gHN0Flj0ck6hb5Mo9jKes1slVk":{"chainKey":{"counter":0,"key":"n0dbSCBN1Hiqz1j1aEQRYfbJc2Pg/svWsyxfknF5fcM="},"chainType":1,"messageKeys":{}}},"pendingPreKey":{"signedKeyId":2,"baseKey":"BTleRJVL3lywdkL4u6blzzIc0EuEtpv7r95TyqoOTi5X","preKeyId":11806823}},"BZ1ubxfAQeXjWOvWwSy6W7UJ7Ep5ENCm6ySM593CfdkT":{"registrationId":455764836,"currentRatchet":{"ephemeralKeyPair":{"pubKey":"BaiOChjSr9O1HKEIOcLZwic64wlYeCUGptRChk7zkDQk","privKey":"IOtnwHgWPQ4banfExlr+g3IYCcq8bFhMc/YRMyLBh0I="},"lastRemoteEphemeralKey":"BVxnWOdNcJFvjrAslhTC74iILl3pskBAX07AEkiimioK","previousCounter":0,"rootKey":"d4d/OJKmiv9dLka1uzjhJy04Qty6AXRJrENsV2QAWJs="},"indexInfo":{"baseKey":"BZ1ubxfAQeXjWOvWwSy6W7UJ7Ep5ENCm6ySM593CfdkT","baseKeyType":1,"closed":-1,"used":1715523314718,"created":1715523314718,"remoteIdentityKey":"BRXXC/TUjKN8AhFfwr/jOay7k4j41oX61o8VpU9DhfUY"},"_chains":{"BaiOChjSr9O1HKEIOcLZwic64wlYeCUGptRChk7zkDQk":{"chainKey":{"counter":0,"key":"TdjyuvbGpJbqvfbAn5nvILKEzlFRtGs6WEtq4wpN0mI="},"chainType":1,"messageKeys":{}}},"pendingPreKey":{"signedKeyId":2,"baseKey":"BZ1ubxfAQeXjWOvWwSy6W7UJ7Ep5ENCm6ySM593CfdkT","preKeyId":11807236}}},"version":"v1"}