{"_sessions":{"BWzvCRgInvSVwk7TbXeVQmlJGS7759IRyvdrnpVbEgJn":{"registrationId":1016974153,"currentRatchet":{"ephemeralKeyPair":{"pubKey":"Ba+w7q1XgIgdDgLKEAQvuLCqjIWOYuESNg31R1vYVCRS","privKey":"+LmBf69IExEBJrWhty7kkLi3GyJIJgz1gePjR3MDpk0="},"lastRemoteEphemeralKey":"BeLXNBnLa934I+l/bkNm5yHki1xk8ybLdfwQ+d/omoA8","previousCounter":0,"rootKey":"JGXCCQMZHdgPA07E39BScIH5RDEhmbSbFUOy0Er3Uqs="},"indexInfo":{"baseKey":"BWzvCRgInvSVwk7TbXeVQmlJGS7759IRyvdrnpVbEgJn","baseKeyType":1,"closed":1715523314802,"used":1715523313997,"created":1715523313997,"remoteIdentityKey":"BXTL/7FEoxhOe/kUEDjuLZ8GW+wXxc7C8EljtJlSZ7s0"},"_chains":{"Ba+w7q1XgIgdDgLKEAQvuLCqjIWOYuESNg31R1vYVCRS":{"chainKey":{"counter":0,"key":"YyBKpPELn3ODybXCDCFKzQurK5cbRNTm3xklR4+mGts="},"chainType":1,"messageKeys":{}}},"pendingPreKey":{"signedKeyId":8,"baseKey":"BWzvCRgInvSVwk7TbXeVQmlJGS7759IRyvdrnpVbEgJn","preKeyId":16574927}},"BSGN2Z3jChxQcqGOTk2Ejm1eS1/svDltmdFvEyqEYaQ8":{"registrationId":1016974153,"currentRatchet":{"ephemeralKeyPair":{"pubKey":"BXXgMOLGJFB4Tk3O5s55p2lJAWhycyeJtDG/6d31rrRi","privKey":"EKYNTClgDwCBaeLBp1Ay3KMg1ixy6U56sZJzai3Djkc="},"lastRemoteEphemeralKey":"BeLXNBnLa934I+l/bkNm5yHki1xk8ybLdfwQ+d/omoA8","previousCounter":0,"rootKey":"gQMHUZvwx7sMoIrhmWTrK8rkJYGGZGLYJmaOstslquc="},"indexInfo":{"baseKey":"BSGN2Z3jChxQcqGOTk2Ejm1eS1/svDltmdFvEyqEYaQ8","baseKeyType":1,"closed":-1,"used":1715523314686,"created":1715523314686,"remoteIdentityKey":"BXTL/7FEoxhOe/kUEDjuLZ8GW+wXxc7C8EljtJlSZ7s0"},"_chains":{"BXXgMOLGJFB4Tk3O5s55p2lJAWhycyeJtDG/6d31rrRi":{"chainKey":{"counter":0,"key":"xWUfucP8hDJ8w6umaRHkH9ma313+bZDw0a4xIuTMlV4="},"chainType":1,"messageKeys":{}}},"pendingPreKey":{"signedKeyId":8,"baseKey":"BSGN2Z3jChxQcqGOTk2Ejm1eS1/svDltmdFvEyqEYaQ8","preKeyId":16574529}}},"version":"v1"}