{"_sessions":{"BeqNvLvjFPLyXakgommGkPOei1vie9WtCFrsCYLsQZNM":{"registrationId":201,"currentRatchet":{"ephemeralKeyPair":{"pubKey":"BUHJvBHKCf/ViHGJthCCzB5GrrS2Z0O69Qej0rGiTx01","privKey":"WD5mFsPL6IRxu56YLQnLyNHYWKm20cU8VPwsfH38d24="},"lastRemoteEphemeralKey":"Bf/lFum3FJkoRSzba2ZBM0vV9gLpDTElGChk52oEOwI8","previousCounter":0,"rootKey":"tuzj7V3ns1ipDKyZzHwLhpkrBVW6YPuE20uI5JYl5aw="},"indexInfo":{"baseKey":"BeqNvLvjFPLyXakgommGkPOei1vie9WtCFrsCYLsQZNM","baseKeyType":1,"closed":1715523314800,"used":1715523313957,"created":1715523313957,"remoteIdentityKey":"BY9Kmxe3G4HK8stYazulQm1q8qdh1Ktqufhg0j9/Xl9y"},"_chains":{"BUHJvBHKCf/ViHGJthCCzB5GrrS2Z0O69Qej0rGiTx01":{"chainKey":{"counter":0,"key":"PlswLYqvZDLKYt7T1BvTaTM0ymnV97/FGVGd44CiOHA="},"chainType":1,"messageKeys":{}}},"pendingPreKey":{"signedKeyId":1,"baseKey":"BeqNvLvjFPLyXakgommGkPOei1vie9WtCFrsCYLsQZNM","preKeyId":6}},"Bcl45yQKaEwwUpQhDkvyjifnKD1+NpNkigoP2tXuWzBh":{"registrationId":201,"currentRatchet":{"ephemeralKeyPair":{"pubKey":"BRuHppihsWS4ZRuZKuUI+TlWinct7QcX7KFe50HrscFG","privKey":"cLtUYSJIRdlxw3SzbP+EuyFEG5OvlDvsnMGneZjXM3Y="},"lastRemoteEphemeralKey":"Bf/lFum3FJkoRSzba2ZBM0vV9gLpDTElGChk52oEOwI8","previousCounter":0,"rootKey":"Mcpy7DWJEoOqx5QSnRtIl85meJqGHjG4sO9vpUR8RKw="},"indexInfo":{"baseKey":"Bcl45yQKaEwwUpQhDkvyjifnKD1+NpNkigoP2tXuWzBh","baseKeyType":1,"closed":-1,"used":1715523314655,"created":1715523314655,"remoteIdentityKey":"BY9Kmxe3G4HK8stYazulQm1q8qdh1Ktqufhg0j9/Xl9y"},"_chains":{"BRuHppihsWS4ZRuZKuUI+TlWinct7QcX7KFe50HrscFG":{"chainKey":{"counter":0,"key":"vcM9BXiGD445akxRbdZV4AgcwfnpLh/gaa0+U1PsaWg="},"chainType":1,"messageKeys":{}}},"pendingPreKey":{"signedKeyId":1,"baseKey":"Bcl45yQKaEwwUpQhDkvyjifnKD1+NpNkigoP2tXuWzBh","preKeyId":14}}},"version":"v1"}