{"_sessions":{"BVYCYn7ddJfN7rqI366N3ZAEyQZ19mBM0lFTxJxpncI1":{"registrationId":1160759068,"currentRatchet":{"ephemeralKeyPair":{"pubKey":"BRTqPNWAaa71f/6Bch9H3nelphORpqZXEHWePCVXiEUQ","privKey":"mF8qIslLSsEVBD/0+fWZW2qWnRfG1GYROBvWTeFGbk0="},"lastRemoteEphemeralKey":"BeRP+AcrO72d36bdNcdGKOxCQjRZDK4tFXyS2F6Rchww","previousCounter":0,"rootKey":"+tZQ9yFpBPyK+C/SPgIbZwfUSf3xjfgz5F3P/pIgxb4="},"indexInfo":{"baseKey":"BVYCYn7ddJfN7rqI366N3ZAEyQZ19mBM0lFTxJxpncI1","baseKeyType":1,"closed":1715523314803,"used":1715523314009,"created":1715523314009,"remoteIdentityKey":"BTeIsTFwkvQKu8npifEFpfnVnomO1OI2Be4vBVGU67tA"},"_chains":{"BRTqPNWAaa71f/6Bch9H3nelphORpqZXEHWePCVXiEUQ":{"chainKey":{"counter":0,"key":"NhJtK/8a7vZyPk62AWB3EEdtLIYiT27RVy5uVh/NLU8="},"chainType":1,"messageKeys":{}}},"pendingPreKey":{"signedKeyId":0,"baseKey":"BVYCYn7ddJfN7rqI366N3ZAEyQZ19mBM0lFTxJxpncI1","preKeyId":3885672}},"BUy7N192yEaCdCen888fRgwUdm/p5MGVdau+r+Wp/qNa":{"registrationId":1160759068,"currentRatchet":{"ephemeralKeyPair":{"pubKey":"BZm+gHXOPY7iNfbi6Txs6y+8MjiTWxaWQdY3zwvgru5E","privKey":"yImhODIffxNPcm2iSO7Wvi19pVxVXE25btJvxdWFCmU="},"lastRemoteEphemeralKey":"BeRP+AcrO72d36bdNcdGKOxCQjRZDK4tFXyS2F6Rchww","previousCounter":0,"rootKey":"Yww3W464IKDx6bmtDKqEGVF23wXclWiQlWRg9d1jz4A="},"indexInfo":{"baseKey":"BUy7N192yEaCdCen888fRgwUdm/p5MGVdau+r+Wp/qNa","baseKeyType":1,"closed":-1,"used":1715523314696,"created":1715523314696,"remoteIdentityKey":"BTeIsTFwkvQKu8npifEFpfnVnomO1OI2Be4vBVGU67tA"},"_chains":{"BZm+gHXOPY7iNfbi6Txs6y+8MjiTWxaWQdY3zwvgru5E":{"chainKey":{"counter":0,"key":"DQkYctCPsuw6QYvFrrUrhrHqpzxvRZ6hY6shjErnP3U="},"chainType":1,"messageKeys":{}}},"pendingPreKey":{"signedKeyId":0,"baseKey":"BUy7N192yEaCdCen888fRgwUdm/p5MGVdau+r+Wp/qNa","preKeyId":3885740}}},"version":"v1"}