{"_sessions":{"BSz2fmdWAuUir02M3L4k6qpPK3Zg83DiiZG5TOe/3UBs":{"registrationId":3624,"currentRatchet":{"ephemeralKeyPair":{"pubKey":"BVCYpXl/8Ekeh0FBAI7N89o69rW1A8VEePdHh27gpnA1","privKey":"YK7L+LGFoXk9ZV248Zm74bezkOBW5697ciyGxsushUI="},"lastRemoteEphemeralKey":"BQJveNobNttg+9HC4+X+NOYwbYFomtkIUNEX6uvFXahq","previousCounter":0,"rootKey":"8Heq/NTsXeBxNI46OCEH5NtPupy1IWY661ehQiitEXs="},"indexInfo":{"baseKey":"BSz2fmdWAuUir02M3L4k6qpPK3Zg83DiiZG5TOe/3UBs","baseKeyType":1,"closed":1715523314799,"used":1715523313914,"created":1715523313914,"remoteIdentityKey":"BQJJ8kLPZMrQP+UEFp1Hv1Bn9oFNSbNZi8ZOPO6tTHw/"},"_chains":{"BVCYpXl/8Ekeh0FBAI7N89o69rW1A8VEePdHh27gpnA1":{"chainKey":{"counter":0,"key":"JBxTuJg0goqG03MtOaoVkxRimr1/UfbrM8FTnsG2eC0="},"chainType":1,"messageKeys":{}}},"pendingPreKey":{"signedKeyId":1,"baseKey":"BSz2fmdWAuUir02M3L4k6qpPK3Zg83DiiZG5TOe/3UBs"}},"BZZkL28cE29coFyXJovaGlwWpJDuVjqUXRUubIQttd9I":{"registrationId":3624,"currentRatchet":{"ephemeralKeyPair":{"pubKey":"BQ1ce+89qSqWsr6zoHaX/pPwkf5zjkwzPGzm2+BEkmVF","privKey":"EC+jLMPPODqkQEO3x7B+AdBtkr68lkEamg8ct5p+vHg="},"lastRemoteEphemeralKey":"BQJveNobNttg+9HC4+X+NOYwbYFomtkIUNEX6uvFXahq","previousCounter":0,"rootKey":"vGXMchoz3LlfFwBtMm/Rr+G4HsKdbVq+uGDdl4qiFQE="},"indexInfo":{"baseKey":"BZZkL28cE29coFyXJovaGlwWpJDuVjqUXRUubIQttd9I","baseKeyType":1,"closed":-1,"used":1715523314623,"created":1715523314623,"remoteIdentityKey":"BQJJ8kLPZMrQP+UEFp1Hv1Bn9oFNSbNZi8ZOPO6tTHw/"},"_chains":{"BQ1ce+89qSqWsr6zoHaX/pPwkf5zjkwzPGzm2+BEkmVF":{"chainKey":{"counter":0,"key":"i8Fd04fCO7t+nYDxRxIaFvGuML4I5ZQpYwdOQHarFz0="},"chainType":1,"messageKeys":{}}},"pendingPreKey":{"signedKeyId":1,"baseKey":"BZZkL28cE29coFyXJovaGlwWpJDuVjqUXRUubIQttd9I"}}},"version":"v1"}