{"_sessions":{"Bf5IRY9ShsLd+k080rn/I9/BO5VC62Q/YNHV/JWhVDdt":{"registrationId":2392,"currentRatchet":{"ephemeralKeyPair":{"pubKey":"BTOZGu3R9dRTecz+Vd7RE9mDCN1J1SRuz+JaoKZs16du","privKey":"MC5cXEmSI1IlGhV2JCb6h9rsOOHXO0AMDJCJ4rP/wWE="},"lastRemoteEphemeralKey":"BTcz8dK/fj4lz4l74piO27W/SiirGwxiS/UnZ34AIDlZ","previousCounter":0,"rootKey":"ieHF1AcY/AXg31QQOL66gCl9+w8wZVglS8bz/+307mA="},"indexInfo":{"baseKey":"Bf5IRY9ShsLd+k080rn/I9/BO5VC62Q/YNHV/JWhVDdt","baseKeyType":1,"closed":1715523314800,"used":1715523313923,"created":1715523313923,"remoteIdentityKey":"BTi9qBpRUuWIMl9Fz1zolyFM1+w0c+O8/QuatUeyMzFT"},"_chains":{"BTOZGu3R9dRTecz+Vd7RE9mDCN1J1SRuz+JaoKZs16du":{"chainKey":{"counter":0,"key":"OhL0PNoyJpsyqtmZHy71WRQApQLNGRglPHgjJ6s7zVY="},"chainType":1,"messageKeys":{}}},"pendingPreKey":{"signedKeyId":1,"baseKey":"Bf5IRY9ShsLd+k080rn/I9/BO5VC62Q/YNHV/JWhVDdt"}},"BWXq2YLDzwYJDcm1ZLf819mbgtOEKzdnLgIqZa66255c":{"registrationId":2392,"currentRatchet":{"ephemeralKeyPair":{"pubKey":"BUN1cRKt498hGTltfsbby3mBIIlw+766rPPFLUXi/g1v","privKey":"gJoVKcC0vVSJ59baGwF0B708pShmoFRPH4+401BIY2Y="},"lastRemoteEphemeralKey":"BTcz8dK/fj4lz4l74piO27W/SiirGwxiS/UnZ34AIDlZ","previousCounter":0,"rootKey":"sMHN3vl4/cwd7qRlRN9SO2lEHWdYRZ9w7ANZ78M8uDs="},"indexInfo":{"baseKey":"BWXq2YLDzwYJDcm1ZLf819mbgtOEKzdnLgIqZa66255c","baseKeyType":1,"closed":-1,"used":1715523314631,"created":1715523314631,"remoteIdentityKey":"BTi9qBpRUuWIMl9Fz1zolyFM1+w0c+O8/QuatUeyMzFT"},"_chains":{"BUN1cRKt498hGTltfsbby3mBIIlw+766rPPFLUXi/g1v":{"chainKey":{"counter":0,"key":"DO7NfD1CT9U3AAT2jZxXE2snddvti/8W6MF8rR09R7I="},"chainType":1,"messageKeys":{}}},"pendingPreKey":{"signedKeyId":1,"baseKey":"BWXq2YLDzwYJDcm1ZLf819mbgtOEKzdnLgIqZa66255c"}}},"version":"v1"}