{"_sessions":{"BarPgWOdmlMuoL5gwFuIabsMnvlzBENMtPiQ+Uv5rjsi":{"registrationId":1210707649,"currentRatchet":{"ephemeralKeyPair":{"pubKey":"BZfzzGWoyV96uq9dN42SU+N/8dd9Zpw+rKOEPzMi/V55","privKey":"CFc8+s17QE3ht74H/Hiy4Vrb6RV3ScpzZdddlh54Zlk="},"lastRemoteEphemeralKey":"BYTl4ibd2ldCE3+UMUET88RQnm5qEVqHWj/URy3d/RA2","previousCounter":0,"rootKey":"mlv644w+TFFgra2ju0FOMupUQh4ZDHEwAytz9B2+ErU="},"indexInfo":{"baseKey":"BarPgWOdmlMuoL5gwFuIabsMnvlzBENMtPiQ+Uv5rjsi","baseKeyType":1,"closed":1715523314807,"used":1715523314098,"created":1715523314098,"remoteIdentityKey":"BfD/eaIjuvQSSWOJNTuFSRZI13qRR6RvTR25hP0NgWV/"},"_chains":{"BZfzzGWoyV96uq9dN42SU+N/8dd9Zpw+rKOEPzMi/V55":{"chainKey":{"counter":0,"key":"lFkR0wjBe2uteZ5oK2zYcKAkHloynQp0QcJ420p74b8="},"chainType":1,"messageKeys":{}}},"pendingPreKey":{"signedKeyId":3,"baseKey":"BarPgWOdmlMuoL5gwFuIabsMnvlzBENMtPiQ+Uv5rjsi","preKeyId":15670005}},"BXx7MZw4noNXXBxSil7nkR1eVG8HYDBkVESdQoq7429P":{"registrationId":1210707649,"currentRatchet":{"ephemeralKeyPair":{"pubKey":"BZEeUZsqeZcvUj/nONKlJ1gh/Ca3HmBR7clNepTJhv56","privKey":"cBd8sDg0KNyJ8z30bR/NGHb2LALuhR4YSfRU1cJfOVk="},"lastRemoteEphemeralKey":"BYTl4ibd2ldCE3+UMUET88RQnm5qEVqHWj/URy3d/RA2","previousCounter":0,"rootKey":"Ip8BWuEv7Tmfkm1mHvRPskmUl4J1oa9cqmfRIoVd0rc="},"indexInfo":{"baseKey":"BXx7MZw4noNXXBxSil7nkR1eVG8HYDBkVESdQoq7429P","baseKeyType":1,"closed":-1,"used":1715523314758,"created":1715523314758,"remoteIdentityKey":"BfD/eaIjuvQSSWOJNTuFSRZI13qRR6RvTR25hP0NgWV/"},"_chains":{"BZEeUZsqeZcvUj/nONKlJ1gh/Ca3HmBR7clNepTJhv56":{"chainKey":{"counter":0,"key":"radVOoBY/pFvM8unADsX5YPnO3P+8KFsKSZJPbGgg98="},"chainType":1,"messageKeys":{}}},"pendingPreKey":{"signedKeyId":3,"baseKey":"BXx7MZw4noNXXBxSil7nkR1eVG8HYDBkVESdQoq7429P","preKeyId":15670616}}},"version":"v1"}