{"_sessions":{"BeRrNxZLPE+AvlEWwaSrBFdMeuJd5gwU+B1i8Kt9xgYX":{"registrationId":1515230490,"currentRatchet":{"ephemeralKeyPair":{"pubKey":"BeL0GWk7M3mFafHpDT5r2UHCePhw0RkKXPsD4onGNFAu","privKey":"yJtQ963ZJi5SZFy5JLlVJ3fr8zEmLEVxvcizFPNJ0H4="},"lastRemoteEphemeralKey":"BQGHxa3+2Ro8xA/mRe9PXCbdeiKgnmhmOHoRO7kn5ghy","previousCounter":0,"rootKey":"A46dYbGnnkm1t7HRDAChdLEwoORFz5kYQHL6JsMuLmw="},"indexInfo":{"baseKey":"BeRrNxZLPE+AvlEWwaSrBFdMeuJd5gwU+B1i8Kt9xgYX","baseKeyType":1,"closed":1715523314808,"used":1715523314126,"created":1715523314126,"remoteIdentityKey":"BfXhQEa9DxEwfEgHiBidgwE9fx020PsVJ+1Q82YWMMJ/"},"_chains":{"BeL0GWk7M3mFafHpDT5r2UHCePhw0RkKXPsD4onGNFAu":{"chainKey":{"counter":0,"key":"BP3f+UkNKtfC2aWKdMcClOlr4FAX2wkvOTZ3DrrGgX4="},"chainType":1,"messageKeys":{}}},"pendingPreKey":{"signedKeyId":3,"baseKey":"BeRrNxZLPE+AvlEWwaSrBFdMeuJd5gwU+B1i8Kt9xgYX","preKeyId":8158879}},"BXN4gDPls+Xxy8agEI08wVNVyVGwlEIApBvaIg+i+FNE":{"registrationId":1515230490,"currentRatchet":{"ephemeralKeyPair":{"pubKey":"BYM/UZyD8Yn1gPapd6yIxVN12ctRzF9vm6O0qFfPZfUX","privKey":"MA6Zn8s6wwDcRWCI2G3fsWG5mbwsC7XoYpiX8VeShXs="},"lastRemoteEphemeralKey":"BQGHxa3+2Ro8xA/mRe9PXCbdeiKgnmhmOHoRO7kn5ghy","previousCounter":0,"rootKey":"9nqbZLr683CLXPrcOGSkyhEnUyy8TTs4cqPi4GHFvrU="},"indexInfo":{"baseKey":"BXN4gDPls+Xxy8agEI08wVNVyVGwlEIApBvaIg+i+FNE","baseKeyType":1,"closed":-1,"used":1715523314780,"created":1715523314780,"remoteIdentityKey":"BfXhQEa9DxEwfEgHiBidgwE9fx020PsVJ+1Q82YWMMJ/"},"_chains":{"BYM/UZyD8Yn1gPapd6yIxVN12ctRzF9vm6O0qFfPZfUX":{"chainKey":{"counter":0,"key":"IkJrnXBFM9dhew3O8ddbjLdh5NI9LJF/mOLxWPgDKNY="},"chainType":1,"messageKeys":{}}},"pendingPreKey":{"signedKeyId":3,"baseKey":"BXN4gDPls+Xxy8agEI08wVNVyVGwlEIApBvaIg+i+FNE","preKeyId":8158801}}},"version":"v1"}