{"_sessions":{"BQxpn+gqV/Fhf38QxkBYrZC5rFzfKCR8RRvY2YpGzCwB":{"registrationId":1638877426,"currentRatchet":{"ephemeralKeyPair":{"pubKey":"BWf8Lg3BiZ2HzD5k0cvVXIbreOwnUC625Pew6mdCRTsM","privKey":"SOLC93Lw8DColNgEJHLg/FKxpY/czwMpe1GbULRcp1A="},"lastRemoteEphemeralKey":"BUOg7E15cfWGuAXrmi4Ywzg+wINjGKQLjRQB94xujjRb","previousCounter":0,"rootKey":"WLRwimQFR1XMNPOxHadxbqVbYttGLp8HMGcw9QwX4uA="},"indexInfo":{"baseKey":"BQxpn+gqV/Fhf38QxkBYrZC5rFzfKCR8RRvY2YpGzCwB","baseKeyType":1,"closed":1715523314801,"used":1715523313972,"created":1715523313972,"remoteIdentityKey":"BYYXFAtAGtDvur3iCP7WsrsF1PZGOYv00Ade/62dzj8B"},"_chains":{"BWf8Lg3BiZ2HzD5k0cvVXIbreOwnUC625Pew6mdCRTsM":{"chainKey":{"counter":0,"key":"P0htQPxPONuMko4lpWcFuQx2xvxbvZhpY8akoA3uV64="},"chainType":1,"messageKeys":{}}},"pendingPreKey":{"signedKeyId":19,"baseKey":"BQxpn+gqV/Fhf38QxkBYrZC5rFzfKCR8RRvY2YpGzCwB","preKeyId":15358222}},"BaE6XDct3B02edk1wE7buRppsrfeY04OqdyF+X5KT6Zl":{"registrationId":1638877426,"currentRatchet":{"ephemeralKeyPair":{"pubKey":"BR/5/02feQrgR06Qm6HrIZT3FL+AlkdSDP9gNjdv2RkQ","privKey":"8EZji47uYGrPW8ZG/tV4r9uyL8/9+Vc7EpNo/6fB3lI="},"lastRemoteEphemeralKey":"BUOg7E15cfWGuAXrmi4Ywzg+wINjGKQLjRQB94xujjRb","previousCounter":0,"rootKey":"xseitf0g/pub49gU6iLEpXvnOrO8Z2T6cC+/WAqAbZ4="},"indexInfo":{"baseKey":"BaE6XDct3B02edk1wE7buRppsrfeY04OqdyF+X5KT6Zl","baseKeyType":1,"closed":-1,"used":1715523314667,"created":1715523314667,"remoteIdentityKey":"BYYXFAtAGtDvur3iCP7WsrsF1PZGOYv00Ade/62dzj8B"},"_chains":{"BR/5/02feQrgR06Qm6HrIZT3FL+AlkdSDP9gNjdv2RkQ":{"chainKey":{"counter":0,"key":"SvErHRUKyzEg1GyZEaC0kfqvcCFf0H4Fp+AeKhd/m1k="},"chainType":1,"messageKeys":{}}},"pendingPreKey":{"signedKeyId":19,"baseKey":"BaE6XDct3B02edk1wE7buRppsrfeY04OqdyF+X5KT6Zl","preKeyId":15358247}}},"version":"v1"}