{"_sessions":{"Bc9Ii6d+w9emcsfqSgrmCqlBDTZL4iRPYkR8g9+Ef1AF":{"registrationId":1202033553,"currentRatchet":{"ephemeralKeyPair":{"pubKey":"BZUgD6PHCHbOGjJP2ZrWz3VqThEArQhueHeGT/OcjfMo","privKey":"ACrppHKhM322RvjVAild7a25QSmJGMDI8/Ajjx146W0="},"lastRemoteEphemeralKey":"BUOCzbPxtiYNzyRP68Tk7P4a2qCV+NOrVafdhmDA94hm","previousCounter":0,"rootKey":"CINEYc6vBdIOIA3Tt/KOKVrbrZb2k9ySaHDPuuEhOZQ="},"indexInfo":{"baseKey":"Bc9Ii6d+w9emcsfqSgrmCqlBDTZL4iRPYkR8g9+Ef1AF","baseKeyType":1,"closed":1715523314802,"used":1715523313986,"created":1715523313986,"remoteIdentityKey":"Bdlq9LWlayA8Vm5BCxy8doGvw4uOhzvZq1P5+NCpW0Zq"},"_chains":{"BZUgD6PHCHbOGjJP2ZrWz3VqThEArQhueHeGT/OcjfMo":{"chainKey":{"counter":0,"key":"9OYvL84gdoII6IPfXqD1p1oceRJXyz6TIP6IiPN0Xe4="},"chainType":1,"messageKeys":{}}},"pendingPreKey":{"signedKeyId":1,"baseKey":"Bc9Ii6d+w9emcsfqSgrmCqlBDTZL4iRPYkR8g9+Ef1AF","preKeyId":9908248}},"BcFBxzLLgNaMqpQzLGpbhI1CyKhTTEFkKVHMr/aWVlAn":{"registrationId":1202033553,"currentRatchet":{"ephemeralKeyPair":{"pubKey":"BXnYiogjmCnSO5xn1S3gUzzMMeEdbGpV7S5Qv44BhF0c","privKey":"8JTCY8ytzbkZhPURZvsNNWWRRhW1OS7tY3J6Bcu/QWY="},"lastRemoteEphemeralKey":"BUOCzbPxtiYNzyRP68Tk7P4a2qCV+NOrVafdhmDA94hm","previousCounter":0,"rootKey":"d+AnwhYtDGgs/rTKdBuBmFeOKLXRAuBk1V3yvrzchWs="},"indexInfo":{"baseKey":"BcFBxzLLgNaMqpQzLGpbhI1CyKhTTEFkKVHMr/aWVlAn","baseKeyType":1,"closed":-1,"used":1715523314677,"created":1715523314677,"remoteIdentityKey":"Bdlq9LWlayA8Vm5BCxy8doGvw4uOhzvZq1P5+NCpW0Zq"},"_chains":{"BXnYiogjmCnSO5xn1S3gUzzMMeEdbGpV7S5Qv44BhF0c":{"chainKey":{"counter":0,"key":"rNf3gmi50VBM3eH1AdMUwfIWp1h791MuQQWe/Kf9cBg="},"chainType":1,"messageKeys":{}}},"pendingPreKey":{"signedKeyId":1,"baseKey":"BcFBxzLLgNaMqpQzLGpbhI1CyKhTTEFkKVHMr/aWVlAn","preKeyId":9908273}}},"version":"v1"}