{"_sessions":{"BdG4Jxs4ks6wdFApnZJSoXY3u4+uMBO0PTCC3xRndBoU":{"registrationId":1897548996,"currentRatchet":{"ephemeralKeyPair":{"pubKey":"BfmYUvZdVCrfDya9Kv/TUiNu5zgjQYE7Pf8qLP5gJd95","privKey":"OKAhj45KmBmrqPeIUQ1449lc5OL7Ri5cOumB7HG/Q2Y="},"lastRemoteEphemeralKey":"BYs+FCibCC3i3DWvxLpOpZ1Mq+Wq+Ihp3E0xZedXGJYY","previousCounter":0,"rootKey":"iYReJJXqHDLGbnx+HMQWrJQmKEeqiSAAg/aBclJRTmg="},"indexInfo":{"baseKey":"BdG4Jxs4ks6wdFApnZJSoXY3u4+uMBO0PTCC3xRndBoU","baseKeyType":1,"closed":1715523314801,"used":1715523313968,"created":1715523313968,"remoteIdentityKey":"BYOVs4d2140xKqK/CeZenAHQHaEJS3h9X+zWTUmQQeJ1"},"_chains":{"BfmYUvZdVCrfDya9Kv/TUiNu5zgjQYE7Pf8qLP5gJd95":{"chainKey":{"counter":0,"key":"e4dUK8x/sHYWV4MdhTFtw/6pWgu11gJrbSyg+P9CsT0="},"chainType":1,"messageKeys":{}}},"pendingPreKey":{"signedKeyId":0,"baseKey":"BdG4Jxs4ks6wdFApnZJSoXY3u4+uMBO0PTCC3xRndBoU","preKeyId":5959018}},"BaoVtWbXMvIUldcW8mIeF/Y0/CCVoefZbPGp1FnFmFtm":{"registrationId":1897548996,"currentRatchet":{"ephemeralKeyPair":{"pubKey":"BUaH/I3qDENgq9TLAF0ST7nXii32GHRXgTd/FR5SR24M","privKey":"IEqRSdW6mmgrcv94+XDuM/j8Ti2EDMjyTG213FTaXnc="},"lastRemoteEphemeralKey":"BYs+FCibCC3i3DWvxLpOpZ1Mq+Wq+Ihp3E0xZedXGJYY","previousCounter":0,"rootKey":"6gUbWQbs1PpeSzsrpjCVNqqRbB9LUij/E876m3SwBU0="},"indexInfo":{"baseKey":"BaoVtWbXMvIUldcW8mIeF/Y0/CCVoefZbPGp1FnFmFtm","baseKeyType":1,"closed":-1,"used":1715523314664,"created":1715523314664,"remoteIdentityKey":"BYOVs4d2140xKqK/CeZenAHQHaEJS3h9X+zWTUmQQeJ1"},"_chains":{"BUaH/I3qDENgq9TLAF0ST7nXii32GHRXgTd/FR5SR24M":{"chainKey":{"counter":0,"key":"u7vzu/y7f3UXy6K8n+y01eSPnLA1JuOBttmFiDq5WVg="},"chainType":1,"messageKeys":{}}},"pendingPreKey":{"signedKeyId":0,"baseKey":"BaoVtWbXMvIUldcW8mIeF/Y0/CCVoefZbPGp1FnFmFtm","preKeyId":5958954}}},"version":"v1"}