{"_sessions":{"Bbk31FelfSyS+GER2bQdrFjhEnEBHDg9ZI7qxWaAPsNy":{"registrationId":530616405,"currentRatchet":{"ephemeralKeyPair":{"pubKey":"Bdv9We0qGUugSZHt5N1JUFeSddlgNHr199zjP53YEDRH","privKey":"yIiDQdOkw7oP3Q/kSs5BFrNbME7z7d5zKdItPymCsV0="},"lastRemoteEphemeralKey":"BUES2EjusIEvFJQwT3QvGC0rEkjDqb46KBxvbsGz2A0u","previousCounter":0,"rootKey":"+Y1Fu8APewQp9DRd4L5iQ9MlcxyE58Lw11l6TubKG2c="},"indexInfo":{"baseKey":"Bbk31FelfSyS+GER2bQdrFjhEnEBHDg9ZI7qxWaAPsNy","baseKeyType":1,"closed":1715523314801,"used":1715523313977,"created":1715523313977,"remoteIdentityKey":"BTkGiAjdyscTsSphbL4JMvtBGZvKsOTbpwH3ryflLDcO"},"_chains":{"Bdv9We0qGUugSZHt5N1JUFeSddlgNHr199zjP53YEDRH":{"chainKey":{"counter":0,"key":"o4GrRNc86sFxqiOKBkukQUEurL9pXsxwM+5SS6a2F5I="},"chainType":1,"messageKeys":{}}},"pendingPreKey":{"signedKeyId":7,"baseKey":"Bbk31FelfSyS+GER2bQdrFjhEnEBHDg9ZI7qxWaAPsNy","preKeyId":15907348}},"Bb71XJ6nby/ruuF1OwoqPsSakPD0q+uvTBRajmkkYvRV":{"registrationId":530616405,"currentRatchet":{"ephemeralKeyPair":{"pubKey":"BdzbXGeeFLjg71bS+pqq3DsyjQcivHdRtkHLAGyUwrRC","privKey":"sE2L3VMOtHWbUDD3vUi4WfRe/KK35nRmaGlXu25hgmc="},"lastRemoteEphemeralKey":"BUES2EjusIEvFJQwT3QvGC0rEkjDqb46KBxvbsGz2A0u","previousCounter":0,"rootKey":"ksDVZLCluLOU11gvU09JHpiauwVN3X3jyxmnJ+QVQ5M="},"indexInfo":{"baseKey":"Bb71XJ6nby/ruuF1OwoqPsSakPD0q+uvTBRajmkkYvRV","baseKeyType":1,"closed":-1,"used":1715523314670,"created":1715523314670,"remoteIdentityKey":"BTkGiAjdyscTsSphbL4JMvtBGZvKsOTbpwH3ryflLDcO"},"_chains":{"BdzbXGeeFLjg71bS+pqq3DsyjQcivHdRtkHLAGyUwrRC":{"chainKey":{"counter":0,"key":"I/A8tC1ZZW034mWQp/Vdqfme+W1Z+X7PDxkL9pu3XAM="},"chainType":1,"messageKeys":{}}},"pendingPreKey":{"signedKeyId":7,"baseKey":"Bb71XJ6nby/ruuF1OwoqPsSakPD0q+uvTBRajmkkYvRV","preKeyId":15907566}}},"version":"v1"}