{"_sessions":{"BXXpFVuT3y6AO4XWeC/HQw8PViHwbJzuJxEDfGphMykT":{"registrationId":1091847548,"currentRatchet":{"ephemeralKeyPair":{"pubKey":"BRCN7y9r+uzomzxu4Wf0bUgQ3j4ijn8j9olls5JFcXdH","privKey":"iK7gb8+TQ0+W6cXlnKxsUXYhUStQZb6GUCe5CaU+aGE="},"lastRemoteEphemeralKey":"BdA8Esxg+MN0uJK+T+G3VkGVThvNml5ThSMCgsag1gR8","previousCounter":0,"rootKey":"jNMjazP1g6SEZe/7AhEU5W3YURwby8vHygT2iDE7xa4="},"indexInfo":{"baseKey":"BXXpFVuT3y6AO4XWeC/HQw8PViHwbJzuJxEDfGphMykT","baseKeyType":1,"closed":1715523314803,"used":1715523314005,"created":1715523314005,"remoteIdentityKey":"BcfAgtbfZmuJrp/qXVVF+JEJernJy4BxN+51cOeb2glK"},"_chains":{"BRCN7y9r+uzomzxu4Wf0bUgQ3j4ijn8j9olls5JFcXdH":{"chainKey":{"counter":0,"key":"WkcBuSYa76U/i2fR0vMvEhThTAPHyjMwB8DUxNOwn3w="},"chainType":1,"messageKeys":{}}},"pendingPreKey":{"signedKeyId":1,"baseKey":"BXXpFVuT3y6AO4XWeC/HQw8PViHwbJzuJxEDfGphMykT","preKeyId":15573947}},"Bfip+JQ1hswFmxRKOkK2Qs+RvykZXTX3DpmEqDTBWnMy":{"registrationId":1091847548,"currentRatchet":{"ephemeralKeyPair":{"pubKey":"BTo08No4mFKiB/My5qBJbWqPHbkdW+uTt6WpWZdcpGwQ","privKey":"WFq/YngvS3zg2r0bZrMx/lQ4XR+bBJbZqXmln8vEFk0="},"lastRemoteEphemeralKey":"BdA8Esxg+MN0uJK+T+G3VkGVThvNml5ThSMCgsag1gR8","previousCounter":0,"rootKey":"88cZ99P/Zg//ovj8Vy3kPtAHtN14Z2BRzsLg+b+8kyI="},"indexInfo":{"baseKey":"Bfip+JQ1hswFmxRKOkK2Qs+RvykZXTX3DpmEqDTBWnMy","baseKeyType":1,"closed":-1,"used":1715523314693,"created":1715523314693,"remoteIdentityKey":"BcfAgtbfZmuJrp/qXVVF+JEJernJy4BxN+51cOeb2glK"},"_chains":{"BTo08No4mFKiB/My5qBJbWqPHbkdW+uTt6WpWZdcpGwQ":{"chainKey":{"counter":0,"key":"T7MNBEgbYrOHo3zjiORK1VA5RNC0Z8L/Lqazj3t/Tlc="},"chainType":1,"messageKeys":{}}},"pendingPreKey":{"signedKeyId":1,"baseKey":"Bfip+JQ1hswFmxRKOkK2Qs+RvykZXTX3DpmEqDTBWnMy","preKeyId":15573977}}},"version":"v1"}