{"_sessions":{"BdoPYtxWChNGqG8+ocjPdMKar1wUX7VrbV3Z9GH99kQN":{"registrationId":1339777319,"currentRatchet":{"ephemeralKeyPair":{"pubKey":"BXj6Gl+HJ5wWSUP54+lOP6qfe59WIxltSkeULJt4qKg5","privKey":"IAwanYauc+s8Y3HKgF3PwN3uJY6uQxQt7EHpsM9I8lw="},"lastRemoteEphemeralKey":"BfNr+MXr+sps+Cg/ujUsk2XjYVemaw1EydIceDZQEwUH","previousCounter":0,"rootKey":"V9ZTax/8iJ37FQCrNxp9Q5iGYLrEU2Ys63xNtPF55Ps="},"indexInfo":{"baseKey":"BdoPYtxWChNGqG8+ocjPdMKar1wUX7VrbV3Z9GH99kQN","baseKeyType":1,"closed":1715523314805,"used":1715523314057,"created":1715523314057,"remoteIdentityKey":"Ba3TVakweerO3mlL3CPyuKEXyUdHDPJj3zmaTCCp2k9w"},"_chains":{"BXj6Gl+HJ5wWSUP54+lOP6qfe59WIxltSkeULJt4qKg5":{"chainKey":{"counter":0,"key":"VBod0Hok1KpiyuNKDVUNPtNu9pDEsSkTtKtco1Rp/3k="},"chainType":1,"messageKeys":{}}},"pendingPreKey":{"signedKeyId":6,"baseKey":"BdoPYtxWChNGqG8+ocjPdMKar1wUX7VrbV3Z9GH99kQN","preKeyId":5138890}},"BXCAvlTlIE+VhnPzHktHRvxqBZaQViGdT1reKTjkNktz":{"registrationId":1339777319,"currentRatchet":{"ephemeralKeyPair":{"pubKey":"BcwLEkZd7QcCkQcI7+vYWT7S9/Ci8M/9xeXfjdjobGUo","privKey":"2I7mE78gpSAvhem+hSTvRzUd4hayIqdZkdCAmshuaE0="},"lastRemoteEphemeralKey":"BfNr+MXr+sps+Cg/ujUsk2XjYVemaw1EydIceDZQEwUH","previousCounter":0,"rootKey":"KiZgm0SsITBPyvZikHP9jJ4VmzOO4feq7+xheMrcURw="},"indexInfo":{"baseKey":"BXCAvlTlIE+VhnPzHktHRvxqBZaQViGdT1reKTjkNktz","baseKeyType":1,"closed":-1,"used":1715523314730,"created":1715523314730,"remoteIdentityKey":"Ba3TVakweerO3mlL3CPyuKEXyUdHDPJj3zmaTCCp2k9w"},"_chains":{"BcwLEkZd7QcCkQcI7+vYWT7S9/Ci8M/9xeXfjdjobGUo":{"chainKey":{"counter":0,"key":"B+eXygpmTQ2ZjiZDDVCS1RM0eNtzAl/efBZXROczcRY="},"chainType":1,"messageKeys":{}}},"pendingPreKey":{"signedKeyId":6,"baseKey":"BXCAvlTlIE+VhnPzHktHRvxqBZaQViGdT1reKTjkNktz","preKeyId":5138954}}},"version":"v1"}