{"_sessions":{"BTsQ9s2/wuTo+JenuKZx2dMvvd08hngDfz1COk6cQy8f":{"registrationId":758556560,"currentRatchet":{"ephemeralKeyPair":{"pubKey":"BVXm3zGiJnxaIO4pe5A4RQbTntMcXO0Ux2vmdTn1Pnp4","privKey":"+MVDQu9iVaUsVs0sDuSVqmwyHVgSzKLYkVe0i9Gp3l4="},"lastRemoteEphemeralKey":"BQhQzKNEv51hUSY1Kg+ioOsUDq96zNALq0wIY4BqK29V","previousCounter":0,"rootKey":"HyR0GEUXLU/5/JQA9dlQTTICgGVbL9bEtFqft5o+2G4="},"indexInfo":{"baseKey":"BTsQ9s2/wuTo+JenuKZx2dMvvd08hngDfz1COk6cQy8f","baseKeyType":2,"closed":-1,"used":1715523312487,"created":1715523312487,"remoteIdentityKey":"BTTZAxeK0ecKtiH86QU5n0lSUuEUTXMtkGXOt7eyi3dN"},"_chains":{"BQhQzKNEv51hUSY1Kg+ioOsUDq96zNALq0wIY4BqK29V":{"chainKey":{"counter":0,"key":"cBX0PlBskkARdG4wWdP0xPM/3KGD5qyTgZqxMTnBgak="},"chainType":2,"messageKeys":{}},"BVXm3zGiJnxaIO4pe5A4RQbTntMcXO0Ux2vmdTn1Pnp4":{"chainKey":{"counter":1,"key":"C5QlBwX+wU/ciK5lX3UxgzGa7zdTbpGnmoA0S2GB5PM="},"chainType":1,"messageKeys":{}}}}},"version":"v1"}