{"_sessions":{"BW3oqE6WOQiKJMWgkj8gNVIW+RUp/tx9gei5ZpGw2ddc":{"registrationId":1192438754,"currentRatchet":{"ephemeralKeyPair":{"pubKey":"BXN3+tG1mH/uTe7kVYO2naYOjFGR/zROXm3ziFye0LUK","privKey":"kAVL4zr3QnAlKVdCrIpO0bzAWEruPbdoBMDxS0N4jl8="},"lastRemoteEphemeralKey":"BSF16s6TLwmaF3BDqlRea9aWfie06kUZ9lgwYIvju+I/","previousCounter":0,"rootKey":"Lcd4j5RRZ966AfchwlOK6x6RSj5V9SEqy21n9jrOR6w="},"indexInfo":{"baseKey":"BW3oqE6WOQiKJMWgkj8gNVIW+RUp/tx9gei5ZpGw2ddc","baseKeyType":1,"closed":1715523314808,"used":1715523314118,"created":1715523314118,"remoteIdentityKey":"Be9jdtDNINxYHsqsbgj1R5RlXvXYFCbjnHoQemA8GHRg"},"_chains":{"BXN3+tG1mH/uTe7kVYO2naYOjFGR/zROXm3ziFye0LUK":{"chainKey":{"counter":0,"key":"WDGqbSVgB6dVulYm8XVKVPbojKThqG30SSEJU9B3y/Y="},"chainType":1,"messageKeys":{}}},"pendingPreKey":{"signedKeyId":4,"baseKey":"BW3oqE6WOQiKJMWgkj8gNVIW+RUp/tx9gei5ZpGw2ddc","preKeyId":9085995}},"BVQ1vmKJCOqw6I6A3gJcTSqflbkcLDQbB48H9tZCgO5K":{"registrationId":1192438754,"currentRatchet":{"ephemeralKeyPair":{"pubKey":"BS32gVK9XXC65HiEeyy5ctQzge2ah653/XrM9U9edg0j","privKey":"yIjhPq2FhSoa0vm2QsWO9pDrVTbb7XRjXp7xI3LARUc="},"lastRemoteEphemeralKey":"BSF16s6TLwmaF3BDqlRea9aWfie06kUZ9lgwYIvju+I/","previousCounter":0,"rootKey":"CmmscU+GmQ1zhD7QWkJ+lvJT7MepHa2YF0B4rFpgr/o="},"indexInfo":{"baseKey":"BVQ1vmKJCOqw6I6A3gJcTSqflbkcLDQbB48H9tZCgO5K","baseKeyType":1,"closed":-1,"used":1715523314773,"created":1715523314773,"remoteIdentityKey":"Be9jdtDNINxYHsqsbgj1R5RlXvXYFCbjnHoQemA8GHRg"},"_chains":{"BS32gVK9XXC65HiEeyy5ctQzge2ah653/XrM9U9edg0j":{"chainKey":{"counter":0,"key":"sn51EwcyPOq+gY9dppmSSaO27/nqKcc5UzuK/vcgNcA="},"chainType":1,"messageKeys":{}}},"pendingPreKey":{"signedKeyId":4,"baseKey":"BVQ1vmKJCOqw6I6A3gJcTSqflbkcLDQbB48H9tZCgO5K","preKeyId":9085810}}},"version":"v1"}