{"_sessions":{"BdAluKob4e3qIsYDKqnCw0JlsTMmfiwjic+1uaNXGl5m":{"registrationId":174693790,"currentRatchet":{"ephemeralKeyPair":{"pubKey":"BUF3zru4hnYPMbrLyt+WkOKqCJyvbhlnlG4KoP7e9cUA","privKey":"eBpAPmt+xcRoVuie0fLmpqhOmd4iZDPXHokdD4Grt2k="},"lastRemoteEphemeralKey":"BW3RDlSZ8pQvL1a51uupfmOS5x2ug0sd/j269eYxYeps","previousCounter":0,"rootKey":"V7Nq5ms0Lre535NQ0JQ2nJuGkLZlG4vKUfIj/X7L95c="},"indexInfo":{"baseKey":"BdAluKob4e3qIsYDKqnCw0JlsTMmfiwjic+1uaNXGl5m","baseKeyType":1,"closed":1715523314805,"used":1715523314052,"created":1715523314052,"remoteIdentityKey":"Bfc9dqQFDAHZoHcv0p1eSE27QreNqU5+4FOXN/VaSf9B"},"_chains":{"BUF3zru4hnYPMbrLyt+WkOKqCJyvbhlnlG4KoP7e9cUA":{"chainKey":{"counter":0,"key":"XSfC/+kTxU3TiD/MxkJZlHp9nYobTMq8Rj+SOgZQV20="},"chainType":1,"messageKeys":{}}},"pendingPreKey":{"signedKeyId":1,"baseKey":"BdAluKob4e3qIsYDKqnCw0JlsTMmfiwjic+1uaNXGl5m","preKeyId":14225158}},"BSnA0p+QKOn8X82whn3nH5qvCYH3hnmK+itYroP5GNVN":{"registrationId":174693790,"currentRatchet":{"ephemeralKeyPair":{"pubKey":"BR816IfdsIkEH683uLKGdbfnK5NS/PS9g/NFUwgchFFM","privKey":"YB8sxfQzOsxCt64ixluIEr7r20gzTASTUE8cpsfw+Gc="},"lastRemoteEphemeralKey":"BW3RDlSZ8pQvL1a51uupfmOS5x2ug0sd/j269eYxYeps","previousCounter":0,"rootKey":"sggYm7FQMQEM0UMFrsx10JUOQpYGh4tacfaYkakNjb0="},"indexInfo":{"baseKey":"BSnA0p+QKOn8X82whn3nH5qvCYH3hnmK+itYroP5GNVN","baseKeyType":1,"closed":-1,"used":1715523314727,"created":1715523314727,"remoteIdentityKey":"Bfc9dqQFDAHZoHcv0p1eSE27QreNqU5+4FOXN/VaSf9B"},"_chains":{"BR816IfdsIkEH683uLKGdbfnK5NS/PS9g/NFUwgchFFM":{"chainKey":{"counter":0,"key":"g6ekBha0O8znATpd48ElaHETRN0H3+fl6CZmxRAg3q8="},"chainType":1,"messageKeys":{}}},"pendingPreKey":{"signedKeyId":1,"baseKey":"BSnA0p+QKOn8X82whn3nH5qvCYH3hnmK+itYroP5GNVN","preKeyId":14225135}}},"version":"v1"}