{"_sessions":{"BSFn2tkWn+O9NJOMB5T0S0wKLVLX0orqdkmoc3FuQpF4":{"registrationId":7289,"currentRatchet":{"ephemeralKeyPair":{"pubKey":"BZZbTkgA2+Q47Xm4so3S9TYgaP8JcFKjGscvSwwIho4H","privKey":"OIERdCPOWwh1+Z9//Yz8owFaMOftuhFhFZST322isUw="},"lastRemoteEphemeralKey":"BWL98p7rZLjMfPABTcEmvETjuQRYE6CJhaFGVZtZIIFw","previousCounter":0,"rootKey":"ktlbYZ3dWgXNp2oxVC9HmlHoUCFmvZqcUptKMt2gqqU="},"indexInfo":{"baseKey":"BSFn2tkWn+O9NJOMB5T0S0wKLVLX0orqdkmoc3FuQpF4","baseKeyType":1,"closed":1715523314800,"used":1715523313920,"created":1715523313920,"remoteIdentityKey":"BS6KqzpGxvfNZROI6cGKUeRfkAoxXEBIekEXGyESZcpT"},"_chains":{"BZZbTkgA2+Q47Xm4so3S9TYgaP8JcFKjGscvSwwIho4H":{"chainKey":{"counter":0,"key":"qYnOmxQxZxifmZfgudbshM567qyPR6ierwlVRcjc9wc="},"chainType":1,"messageKeys":{}}},"pendingPreKey":{"signedKeyId":1,"baseKey":"BSFn2tkWn+O9NJOMB5T0S0wKLVLX0orqdkmoc3FuQpF4"}},"BT2CmHjseOQavcn1HLKeJ8LAmp3iVReWMffvOmuF9dxp":{"registrationId":7289,"currentRatchet":{"ephemeralKeyPair":{"pubKey":"BYNz+fcNFKZxNf3lQgcQjIBL1Iw2zT+L8JWWzOdjlPxV","privKey":"wC8LanROmyvZ92GuGf3rV0Dr5e5kzUrHkcpsPexjO1s="},"lastRemoteEphemeralKey":"BWL98p7rZLjMfPABTcEmvETjuQRYE6CJhaFGVZtZIIFw","previousCounter":0,"rootKey":"8kcmUQnAltZGGyhLiZUrrAL3pviTFZnmxmTL+i4HdAc="},"indexInfo":{"baseKey":"BT2CmHjseOQavcn1HLKeJ8LAmp3iVReWMffvOmuF9dxp","baseKeyType":1,"closed":-1,"used":1715523314629,"created":1715523314629,"remoteIdentityKey":"BS6KqzpGxvfNZROI6cGKUeRfkAoxXEBIekEXGyESZcpT"},"_chains":{"BYNz+fcNFKZxNf3lQgcQjIBL1Iw2zT+L8JWWzOdjlPxV":{"chainKey":{"counter":0,"key":"bNOicGWB7VBHBMKFxDNlu8wD9oQqrwiMMP0IUr5tXsg="},"chainType":1,"messageKeys":{}}},"pendingPreKey":{"signedKeyId":1,"baseKey":"BT2CmHjseOQavcn1HLKeJ8LAmp3iVReWMffvOmuF9dxp"}}},"version":"v1"}