{"_sessions":{"BXYqL2Euovsw7MOLJG38X1WWyM6OeRt9u7oRhgsXbUER":{"registrationId":1594286663,"currentRatchet":{"ephemeralKeyPair":{"pubKey":"BeHy8cgBe4J6vYZC719k5InRwrnK9PDvh7iajKyKGSkw","privKey":"oNXbinc9Rims9rSFgvhWaoBeCYXtjSzAs4/6Wjflml8="},"lastRemoteEphemeralKey":"BXMa+KIWsE0nflnGSDVuP4srMYMrPAp6WpDzQR15HzAv","previousCounter":0,"rootKey":"uruzeIXCZ6xpWrzmwLTcJQigofkUb4lMtFeNbhGPTuU="},"indexInfo":{"baseKey":"BXYqL2Euovsw7MOLJG38X1WWyM6OeRt9u7oRhgsXbUER","baseKeyType":1,"closed":1715523314807,"used":1715523314102,"created":1715523314102,"remoteIdentityKey":"BdqLyo0L2+rZ9H16F29Xo2QxQTPdehhA3cttAoDPetdW"},"_chains":{"BeHy8cgBe4J6vYZC719k5InRwrnK9PDvh7iajKyKGSkw":{"chainKey":{"counter":0,"key":"zqHyyKUKdDB67MESf7BnV2GgaOtdGRWEWj57TkcyU9E="},"chainType":1,"messageKeys":{}}},"pendingPreKey":{"signedKeyId":8,"baseKey":"BXYqL2Euovsw7MOLJG38X1WWyM6OeRt9u7oRhgsXbUER","preKeyId":12700410}},"Bbv+/UOIcbI1igffoUOuBwRsuaBnS6k7kpEczl2gX4sy":{"registrationId":1594286663,"currentRatchet":{"ephemeralKeyPair":{"pubKey":"BfGmZtckzDIwpIQ475Y3Z92SHlfHG68HAfTCo3jBNYQg","privKey":"8IkQaUNqKoUenH/hzjxbDzgvukotml9VL2MzVEQ+t1I="},"lastRemoteEphemeralKey":"BXMa+KIWsE0nflnGSDVuP4srMYMrPAp6WpDzQR15HzAv","previousCounter":0,"rootKey":"B6OTG1ydOCukafUyFVC/0DWgqTUEibdYjwCXUpdXiMU="},"indexInfo":{"baseKey":"Bbv+/UOIcbI1igffoUOuBwRsuaBnS6k7kpEczl2gX4sy","baseKeyType":1,"closed":-1,"used":1715523314761,"created":1715523314761,"remoteIdentityKey":"BdqLyo0L2+rZ9H16F29Xo2QxQTPdehhA3cttAoDPetdW"},"_chains":{"BfGmZtckzDIwpIQ475Y3Z92SHlfHG68HAfTCo3jBNYQg":{"chainKey":{"counter":0,"key":"PHhscLQ3njc8GCRB7LxF3ToXf/iyoTEaweG1k8osN6Y="},"chainType":1,"messageKeys":{}}},"pendingPreKey":{"signedKeyId":8,"baseKey":"Bbv+/UOIcbI1igffoUOuBwRsuaBnS6k7kpEczl2gX4sy","preKeyId":12700416}}},"version":"v1"}