{"_sessions":{"BdBeUv7qGsHcWmETAKUhuFaFSayPEXRgLw2h6ygf2kU8":{"registrationId":1975177066,"currentRatchet":{"ephemeralKeyPair":{"pubKey":"BbL8x0R2UFlUwLmBBDATSIkJ1x/JyLtRogPQ8nEuP3Mb","privKey":"YPMTXl+ORRE9VRLZ22CDcdEkcUWrjrYDJzoe1izkbmw="},"lastRemoteEphemeralKey":"BV6pHgzVfs9rTSU1jTtbXCEDNAWp42XtEYBynKTcSs4E","previousCounter":0,"rootKey":"5VS2qBP72q1AnBDdH9KzUXhfJqbRvb/6QwjiQdv/EwQ="},"indexInfo":{"baseKey":"BdBeUv7qGsHcWmETAKUhuFaFSayPEXRgLw2h6ygf2kU8","baseKeyType":1,"closed":1715523314807,"used":1715523314106,"created":1715523314106,"remoteIdentityKey":"BSLTqvkw/pjVpxJBbWEb6uYLLp34kmieLl+OfZZghERZ"},"_chains":{"BbL8x0R2UFlUwLmBBDATSIkJ1x/JyLtRogPQ8nEuP3Mb":{"chainKey":{"counter":0,"key":"uVdZ+JbZ+it3VP1D9AgKd1pHp1iwdKdguGB9oB+OZn0="},"chainType":1,"messageKeys":{}}},"pendingPreKey":{"signedKeyId":3,"baseKey":"BdBeUv7qGsHcWmETAKUhuFaFSayPEXRgLw2h6ygf2kU8","preKeyId":9624969}},"BQ1ohCgmpnJEmMM1ZqL+O9R96faw7qn3tvBGOx0QzrBD":{"registrationId":1975177066,"currentRatchet":{"ephemeralKeyPair":{"pubKey":"BRih1jyvT6wRts0ozyUxdjbVTit7IlZMVObQUMnA3Ap/","privKey":"CLrtN/gAyUk6vf51ravcldz6JvIevJkHIAMfDqDW+Xc="},"lastRemoteEphemeralKey":"BV6pHgzVfs9rTSU1jTtbXCEDNAWp42XtEYBynKTcSs4E","previousCounter":0,"rootKey":"XxnnQksoUneloiRPCg2l/BxOGfKADeOcDGZePMlsXQ0="},"indexInfo":{"baseKey":"BQ1ohCgmpnJEmMM1ZqL+O9R96faw7qn3tvBGOx0QzrBD","baseKeyType":1,"closed":-1,"used":1715523314764,"created":1715523314764,"remoteIdentityKey":"BSLTqvkw/pjVpxJBbWEb6uYLLp34kmieLl+OfZZghERZ"},"_chains":{"BRih1jyvT6wRts0ozyUxdjbVTit7IlZMVObQUMnA3Ap/":{"chainKey":{"counter":0,"key":"3xBd2b3+9OK2Te/HrWPhpgOKH/22Is7jHrEmFa4oqBA="},"chainType":1,"messageKeys":{}}},"pendingPreKey":{"signedKeyId":3,"baseKey":"BQ1ohCgmpnJEmMM1ZqL+O9R96faw7qn3tvBGOx0QzrBD","preKeyId":9625505}}},"version":"v1"}