{"_sessions":{"Bdx6wDZLNc/1842yS+92qWYbbokNieLNfzRnWHpyMnAR":{"registrationId":288131550,"currentRatchet":{"ephemeralKeyPair":{"pubKey":"BR4E1dtxNsRNeUwlfmFmjaWrRbUCfjhOejjxlMSb0Z5q","privKey":"8IiKXpd0qAGOATvyPW4iJxIB2dr4gA7j4zcQf4N59n4="},"lastRemoteEphemeralKey":"BWoPZOOZ3DiHyLHzOQq2nbph8pN7Z7HWjIoZu1GI4iRC","previousCounter":0,"rootKey":"qbhv+3PG+Uillap69PWs/swmGXo2L+QxmpplwZqcfZc="},"indexInfo":{"baseKey":"Bdx6wDZLNc/1842yS+92qWYbbokNieLNfzRnWHpyMnAR","baseKeyType":1,"closed":1715523314807,"used":1715523314110,"created":1715523314110,"remoteIdentityKey":"BV9eM001pBH83/1nB6qDqNwIKlPd3oJcSFTMtbpc9jQj"},"_chains":{"BR4E1dtxNsRNeUwlfmFmjaWrRbUCfjhOejjxlMSb0Z5q":{"chainKey":{"counter":0,"key":"1tF5Mk4DB8DtSXrFFaiwT1sHKbwi3JEdMP1cV1gslI0="},"chainType":1,"messageKeys":{}}},"pendingPreKey":{"signedKeyId":17,"baseKey":"Bdx6wDZLNc/1842yS+92qWYbbokNieLNfzRnWHpyMnAR","preKeyId":14056602}},"BZDqo4BU42oe/oRaSn9ylzAuIQHORUHvW8zgcmjywIg1":{"registrationId":288131550,"currentRatchet":{"ephemeralKeyPair":{"pubKey":"BSq/3vYgu/6gH6i92ZSezaQ2XcUGI8t+nTcnQMSc9kc3","privKey":"YPGmkCbf/W5nFsohNt7JpQ6l0iShLvnTB4ikllSxG10="},"lastRemoteEphemeralKey":"BWoPZOOZ3DiHyLHzOQq2nbph8pN7Z7HWjIoZu1GI4iRC","previousCounter":0,"rootKey":"o3H0y70geJyRC/jONv0FvF243KzCXibhforCKuSZYkk="},"indexInfo":{"baseKey":"BZDqo4BU42oe/oRaSn9ylzAuIQHORUHvW8zgcmjywIg1","baseKeyType":1,"closed":-1,"used":1715523314767,"created":1715523314767,"remoteIdentityKey":"BV9eM001pBH83/1nB6qDqNwIKlPd3oJcSFTMtbpc9jQj"},"_chains":{"BSq/3vYgu/6gH6i92ZSezaQ2XcUGI8t+nTcnQMSc9kc3":{"chainKey":{"counter":0,"key":"lxMGpImt2HsyPGoGYjy42lQ1fCQOI1AMYsMO4IHv3Co="},"chainType":1,"messageKeys":{}}},"pendingPreKey":{"signedKeyId":17,"baseKey":"BZDqo4BU42oe/oRaSn9ylzAuIQHORUHvW8zgcmjywIg1","preKeyId":14056418}}},"version":"v1"}