{"_sessions":{"Bev4hczbO5jd5kG2zgs3w8QRQ4aOFoLdG3+zCzv4tJpU":{"registrationId":1697882419,"currentRatchet":{"ephemeralKeyPair":{"pubKey":"Bb0bmpjkcRA+E30ggjGULYFhgJ7wxX1TvIsA5epnL/1n","privKey":"aE+AEHbebEtZdzq4XMkz2NdKkcRIrt2oP8rYad6bg24="},"lastRemoteEphemeralKey":"BdU0uCSaytdcKXAca7u1i9w6hPxwVj7Mj8wjROJCIHFg","previousCounter":0,"rootKey":"rnZH1q1nLsapBg55N8QUll6FU7Hka5dn5DVSbw4eoAA="},"indexInfo":{"baseKey":"Bev4hczbO5jd5kG2zgs3w8QRQ4aOFoLdG3+zCzv4tJpU","baseKeyType":1,"closed":1715523314804,"used":1715523314044,"created":1715523314044,"remoteIdentityKey":"Bc+svavyu44HWhVEpwe82CiF5Pj+lLWYMfvfN2Zw+ssO"},"_chains":{"Bb0bmpjkcRA+E30ggjGULYFhgJ7wxX1TvIsA5epnL/1n":{"chainKey":{"counter":0,"key":"FgRFqIrVreSrlOGGf8SNeCB2MbJGZoW5gWjCbtWjyog="},"chainType":1,"messageKeys":{}}},"pendingPreKey":{"signedKeyId":11,"baseKey":"Bev4hczbO5jd5kG2zgs3w8QRQ4aOFoLdG3+zCzv4tJpU","preKeyId":5984418}},"BVz9RzsKv9mMkgbUyu+8+jg15l/Uan04dV0T1h1nhasm":{"registrationId":1697882419,"currentRatchet":{"ephemeralKeyPair":{"pubKey":"Bbtgd0yt6X4QKdEpeTAAPZHtUUarbS/0Azv5hHId7q59","privKey":"yE9QxF3OFoyq2v+5yN9NG0434LEaL7DGkTZepKERVXA="},"lastRemoteEphemeralKey":"BdU0uCSaytdcKXAca7u1i9w6hPxwVj7Mj8wjROJCIHFg","previousCounter":0,"rootKey":"U1kyawSUW4NHu7pJ+f/3RvLZPvq8+dIHN0BQXdgFhQE="},"indexInfo":{"baseKey":"BVz9RzsKv9mMkgbUyu+8+jg15l/Uan04dV0T1h1nhasm","baseKeyType":1,"closed":-1,"used":1715523314721,"created":1715523314721,"remoteIdentityKey":"Bc+svavyu44HWhVEpwe82CiF5Pj+lLWYMfvfN2Zw+ssO"},"_chains":{"Bbtgd0yt6X4QKdEpeTAAPZHtUUarbS/0Azv5hHId7q59":{"chainKey":{"counter":0,"key":"ZgI2Uu4CYZZtpLjHvVUcdljDDmq6Pyn/cCiSCt+Yc14="},"chainType":1,"messageKeys":{}}},"pendingPreKey":{"signedKeyId":11,"baseKey":"BVz9RzsKv9mMkgbUyu+8+jg15l/Uan04dV0T1h1nhasm","preKeyId":5984095}}},"version":"v1"}