{"_sessions":{"BW6SXFDmP0bk6EmZ8CD+3xt7LNm3/miIwVu9tVQbxz8J":{"registrationId":1722915266,"currentRatchet":{"ephemeralKeyPair":{"pubKey":"BYLrJtj33R7kD2RmZdz2T52oyXV0hw6pFP926GBw/SBr","privKey":"gJBpE/fn8fp1jhG73Iw9+Rc1B1xQ3eDLqUmSNrfP9U0="},"lastRemoteEphemeralKey":"BfgQtkFlE85tVQDACvquHpeOj7G5BgdFXrQLBiRVf0Mk","previousCounter":0,"rootKey":"kYJu+qULf+3g9HciOk6HPwRqvIy+O08c2mTOacP0V9E="},"indexInfo":{"baseKey":"BW6SXFDmP0bk6EmZ8CD+3xt7LNm3/miIwVu9tVQbxz8J","baseKeyType":1,"closed":1715523314806,"used":1715523314071,"created":1715523314071,"remoteIdentityKey":"BYk/drKutHwJiobu58waKUCa0R7H/Yg4GSBnRkRi5Aco"},"_chains":{"BYLrJtj33R7kD2RmZdz2T52oyXV0hw6pFP926GBw/SBr":{"chainKey":{"counter":0,"key":"AFnCTGzUiBQTE+7SWmC+7vCfCkYQBokf6xIYd8vqO1k="},"chainType":1,"messageKeys":{}}},"pendingPreKey":{"signedKeyId":1,"baseKey":"BW6SXFDmP0bk6EmZ8CD+3xt7LNm3/miIwVu9tVQbxz8J","preKeyId":1410368}},"BTFWeKhtJOtvSQNhsH4YGMugKmj0SFj81dS49665LHAA":{"registrationId":1722915266,"currentRatchet":{"ephemeralKeyPair":{"pubKey":"BQ7Pueo4hYFsphGJDznCp5DboBxerxyba8/X0xi7ePVw","privKey":"SMUCTMupFNXQi/G0NsM2rFhrM4XvunkOX2FY+nn6nVw="},"lastRemoteEphemeralKey":"BfgQtkFlE85tVQDACvquHpeOj7G5BgdFXrQLBiRVf0Mk","previousCounter":0,"rootKey":"fXD+PKLPaLtip+/S3JqU+dgtrZP5Q+v0GSjn6T1OCZs="},"indexInfo":{"baseKey":"BTFWeKhtJOtvSQNhsH4YGMugKmj0SFj81dS49665LHAA","baseKeyType":1,"closed":-1,"used":1715523314739,"created":1715523314739,"remoteIdentityKey":"BYk/drKutHwJiobu58waKUCa0R7H/Yg4GSBnRkRi5Aco"},"_chains":{"BQ7Pueo4hYFsphGJDznCp5DboBxerxyba8/X0xi7ePVw":{"chainKey":{"counter":0,"key":"TG//JQM/bMRslNAMFSasKCrvCxwanZwFo1ccqS1rLIg="},"chainType":1,"messageKeys":{}}},"pendingPreKey":{"signedKeyId":1,"baseKey":"BTFWeKhtJOtvSQNhsH4YGMugKmj0SFj81dS49665LHAA","preKeyId":1410364}}},"version":"v1"}