{"_sessions":{"BZaudY6NUe3U7uIx7xbi2yVXDMTzo7eou5oVXtD9LMUp":{"registrationId":1416163743,"currentRatchet":{"ephemeralKeyPair":{"pubKey":"BacOPRdtECUiSmCDCM1xgEWwTiNdr6DDSy4eJN2h9L1U","privKey":"yHyJ1FPc4dXYlnnkD5vVFPkOh4ZdpWYQpySIudPH9XE="},"lastRemoteEphemeralKey":"BaXGllSUu9HdnAXi8SdmVM1ZujZ3iBdpL5HMrGbYt4gG","previousCounter":0,"rootKey":"s76yF+Md5vQR4ruEHLHQLNhl5tSLWkxSauiFdqFVP5Q="},"indexInfo":{"baseKey":"BZaudY6NUe3U7uIx7xbi2yVXDMTzo7eou5oVXtD9LMUp","baseKeyType":1,"closed":1715523314806,"used":1715523314085,"created":1715523314085,"remoteIdentityKey":"BVX5qXcmZUdi8X1IQM2jXA8Pf4q9EjhFZaxGhnFjdTBw"},"_chains":{"BacOPRdtECUiSmCDCM1xgEWwTiNdr6DDSy4eJN2h9L1U":{"chainKey":{"counter":0,"key":"D4diEbroYRG6EpxtrplkwMKyvipM/t7aBV/0bULgGGQ="},"chainType":1,"messageKeys":{}}},"pendingPreKey":{"signedKeyId":4,"baseKey":"BZaudY6NUe3U7uIx7xbi2yVXDMTzo7eou5oVXtD9LMUp","preKeyId":15016991}},"BZ48ud8GXh31EUbkQKFBXUZ/08EZ95IgAzVi+BYng95D":{"registrationId":1416163743,"currentRatchet":{"ephemeralKeyPair":{"pubKey":"BRL0u9+cnKIMxqydVFl0rsyxI383qKbYQlWL3XYxV5kD","privKey":"wBTHbjy5AJ7SBAMeahf4ItWyUznCFenn1+7UTZhUu24="},"lastRemoteEphemeralKey":"BaXGllSUu9HdnAXi8SdmVM1ZujZ3iBdpL5HMrGbYt4gG","previousCounter":0,"rootKey":"TzEweR0/2v4eQ6Az9aEAxewfo1ogzaLifQMnz1G653c="},"indexInfo":{"baseKey":"BZ48ud8GXh31EUbkQKFBXUZ/08EZ95IgAzVi+BYng95D","baseKeyType":1,"closed":-1,"used":1715523314749,"created":1715523314749,"remoteIdentityKey":"BVX5qXcmZUdi8X1IQM2jXA8Pf4q9EjhFZaxGhnFjdTBw"},"_chains":{"BRL0u9+cnKIMxqydVFl0rsyxI383qKbYQlWL3XYxV5kD":{"chainKey":{"counter":0,"key":"WnwwIYTonHJbMHc/27XMZZRWYGdvf9vEnBEXNVCSpR4="},"chainType":1,"messageKeys":{}}},"pendingPreKey":{"signedKeyId":4,"baseKey":"BZ48ud8GXh31EUbkQKFBXUZ/08EZ95IgAzVi+BYng95D","preKeyId":15016937}}},"version":"v1"}