{"_sessions":{"BWLT/mBCjXqzO9mGGBYvS/KMeATMtYEdIcnGmok1SGpD":{"registrationId":9080,"currentRatchet":{"ephemeralKeyPair":{"pubKey":"BQBxkWI0A7lltE8ZEu3KVcaY/haHvUnxIIt+3H7Rpp1C","privKey":"YJwE0zwPm8iSUkhLRdMAM78ikaOHBvl0gqfLWDjN/2Y="},"lastRemoteEphemeralKey":"BUpKAPSQLAhwkoP7qbqLTvaIqnhYRcaEWOFLwm+fWxIq","previousCounter":0,"rootKey":"4xc7rt+aW6XsqStLwCcwGgWvCLbCix/ajHJ7y6EPevM="},"indexInfo":{"baseKey":"BWLT/mBCjXqzO9mGGBYvS/KMeATMtYEdIcnGmok1SGpD","baseKeyType":1,"closed":1715523314800,"used":1715523313917,"created":1715523313917,"remoteIdentityKey":"Bdeyb46MU3Cug2ZfPi9fRrDhVnpfy5a+1oww45v5iCAK"},"_chains":{"BQBxkWI0A7lltE8ZEu3KVcaY/haHvUnxIIt+3H7Rpp1C":{"chainKey":{"counter":0,"key":"hMFLgh0KfTJ47LyeFAgDrVbHUihJGEUKnXNd3abyA7s="},"chainType":1,"messageKeys":{}}},"pendingPreKey":{"signedKeyId":1,"baseKey":"BWLT/mBCjXqzO9mGGBYvS/KMeATMtYEdIcnGmok1SGpD","preKeyId":594}},"BRZX7ieUjKBhD27NZJbQJRffgjOuN6Mz7rFVeIV4XHYn":{"registrationId":9080,"currentRatchet":{"ephemeralKeyPair":{"pubKey":"BRO7tVAvi6VhwVTN4qNmopUvasWwpB6MtQ8XtqIkyhtE","privKey":"2LsaS5JxiLcd57X70HBI5ZKeYQ+LBUtSLj5UH5++dmQ="},"lastRemoteEphemeralKey":"BUpKAPSQLAhwkoP7qbqLTvaIqnhYRcaEWOFLwm+fWxIq","previousCounter":0,"rootKey":"4WqE7CGw+9995PhiEwaF3ZnOVfPKssLyU3tYrY/agh8="},"indexInfo":{"baseKey":"BRZX7ieUjKBhD27NZJbQJRffgjOuN6Mz7rFVeIV4XHYn","baseKeyType":1,"closed":-1,"used":1715523314626,"created":1715523314626,"remoteIdentityKey":"Bdeyb46MU3Cug2ZfPi9fRrDhVnpfy5a+1oww45v5iCAK"},"_chains":{"BRO7tVAvi6VhwVTN4qNmopUvasWwpB6MtQ8XtqIkyhtE":{"chainKey":{"counter":0,"key":"RInSjCs8mLp2ZOt/W5s1zN7+AW7ZZ6YX4UYxgI5KO54="},"chainType":1,"messageKeys":{}}},"pendingPreKey":{"signedKeyId":1,"baseKey":"BRZX7ieUjKBhD27NZJbQJRffgjOuN6Mz7rFVeIV4XHYn","preKeyId":569}}},"version":"v1"}